id,nom_tâche,date_début,date_fin,état,id_employé
1,Tête appel voilà,2020-05-13,2021-06-18,En attente,11
2,Coin signifier,2021-07-27,2023-07-17,En attente,7
3,Selon chercher veille,2023-05-15,2023-08-14,Annulée,3
4,Rouge blond autant,2020-02-03,2021-02-27,Annulée,11
5,Moindre violent affirmer noir,2023-08-19,2023-09-08,Terminée,7
6,Somme direction souhaiter,2020-03-22,2020-10-20,En cours,17
7,Puisque prière,2024-09-18,2024-12-16,En cours,11
8,Branche demander danser cause sept,2020-03-18,2023-01-29,Annulée,18
9,Hier source importer dessiner,2021-06-03,2024-06-18,Annulée,13
10,Ci occasion durant militaire,2020-02-04,2021-06-22,Annulée,13
11,Se heureux difficile,2023-02-27,2023-07-31,Annulée,10
12,Loup créer quant à,2024-09-30,2024-10-01,Terminée,11
13,Vite tromper tour matin force,2020-05-01,2023-01-26,Annulée,7
14,Printemps amuser disparaître caractère,2022-03-02,2023-06-30,Terminée,17
15,Occuper premier sauter valeur,2023-03-14,2024-09-20,Terminée,3
16,Soit somme tomber,2021-12-05,2023-08-07,En cours,13
17,Fond sommet dimanche,2024-01-02,2024-07-07,Terminée,20
18,Terminer oreille glisser nouveau,2020-04-02,2021-04-05,En cours,16
19,Debout système installer passé avec,2021-08-01,2023-06-23,Annulée,10
20,Tranquille gris préférer rien poitrine,2023-11-24,2023-11-30,Terminée,15
21,Reste trou,2021-02-10,2024-05-21,Annulée,4
22,Certainement corps trait but mettre,2022-08-15,2025-01-16,Annulée,4
23,Herbe lequel pointe,2023-03-15,2024-08-20,En cours,11
24,Tandis Que sept sommeil,2022-12-03,2024-05-22,En cours,20
25,Village mal,2021-01-28,2025-01-23,Annulée,2
26,Second pays placer,2022-06-17,2023-05-03,En cours,12
27,Sans malade mon,2023-11-11,2024-07-07,En attente,3
28,Fermer gloire,2020-08-19,2021-10-27,Annulée,11
29,Subir permettre,2020-12-30,2021-03-12,En cours,11
30,Discours asseoir problème père dimanche,2023-04-17,2024-02-29,Annulée,18
31,Quant À fonction le,2024-06-26,2024-07-18,En attente,16
32,Vision aider cependant véritable,2023-06-14,2023-12-09,Terminée,5
33,Frapper voilà assez aide un,2020-01-23,2024-12-08,En attente,7
34,Conscience âme,2023-11-13,2024-02-16,En attente,11
35,Nord madame,2021-09-15,2021-10-30,Terminée,11
36,Choix interrompre éclairer montrer,2023-06-19,2024-05-28,En attente,14
37,Appuyer demander signifier,2023-12-19,2024-07-26,Annulée,1
38,Car chute naturellement éprouver,2021-06-29,2022-01-15,Terminée,13
39,Habiller appuyer près clair,2022-08-06,2024-12-04,En attente,19
40,Guère livre au grand,2023-02-27,2024-02-12,En cours,7
41,Goutte succès environ,2024-10-11,2024-12-31,Terminée,20
42,Victime arracher étroit six supporter,2020-10-18,2021-02-02,Annulée,17
43,Aide nombreux chant haine,2021-04-20,2023-03-17,En attente,12
44,Peine asseoir apprendre,2024-10-04,2024-10-04,En attente,3
45,Sept vaincre politique ami sérieux,2023-11-23,2025-01-09,Annulée,13
46,Apprendre dans cela tenir,2021-11-20,2022-07-25,Annulée,7
47,Étendue pour profiter pendre,2023-11-15,2024-05-16,En attente,6
48,Pourquoi arme action installer,2023-08-17,2024-06-28,Terminée,15
49,Carte terme lettre toucher,2022-05-22,2024-10-15,Annulée,8
50,Quatre ramasser trois,2020-02-02,2024-08-24,Annulée,17
51,Eaux peu valeur profondément,2023-09-24,2023-10-23,Annulée,7
52,Printemps donner jeune face,2023-04-22,2023-05-05,Terminée,6
53,Hôtel donner eaux,2020-03-20,2024-07-23,Annulée,12
54,Habitant trembler amour confiance calmer,2024-03-14,2024-04-11,Terminée,13
55,Rendre éclater,2023-11-07,2024-07-07,En attente,10
56,Là mourir,2023-07-06,2023-12-09,Annulée,1
57,Aussi tandis que cependant visite article,2020-02-08,2023-08-29,En attente,12
58,Lourd tu fatigue,2021-01-28,2023-11-19,En cours,5
59,Maintenant au,2023-02-10,2023-03-03,Annulée,3
60,Diriger triste raconter recueillir soirée,2023-01-05,2024-10-27,En attente,3
61,Vrai oreille vieux grave,2021-03-03,2024-01-27,En attente,8
62,Anglais changer étoile permettre,2023-01-14,2024-01-11,En cours,3
63,Bout rose instant,2023-08-03,2024-11-25,Annulée,4
64,Falloir soir grand remonter,2020-10-06,2022-06-25,En attente,5
65,Matière travail delà esprit plaisir,2024-01-20,2024-01-22,En attente,4
66,Rose porter lire homme,2024-08-28,2024-10-13,Annulée,6
67,Gagner principe,2024-07-25,2024-10-01,En cours,7
68,Conclure centre couler,2020-07-26,2024-09-02,En cours,13
69,Chemise fenêtre figure,2022-11-09,2023-01-13,En cours,18
70,Abandonner désir frère,2023-02-09,2024-02-24,Terminée,17
71,Supérieur fois,2023-12-30,2024-09-16,Annulée,17
72,Principe terrain atteindre,2023-04-29,2023-06-26,En attente,19
73,Comme rapide or,2023-10-30,2023-11-05,En attente,8
74,Recevoir menacer chaque,2022-08-31,2022-10-04,Annulée,19
75,Violent maître tendre un,2020-04-08,2024-09-27,En cours,7
76,Propre but suite répandre,2021-09-07,2024-12-01,Annulée,18
77,Siècle pour également suite tendre,2023-04-05,2024-11-22,Annulée,19
78,Arrière crier objet passer,2024-08-03,2024-09-13,En cours,1
79,Sembler général feuille,2023-11-30,2024-05-23,Annulée,4
80,Établir autre absolument effacer,2024-02-07,2024-11-12,En attente,11
81,Certain cas défendre chair,2023-07-27,2024-06-18,En attente,4
82,Y frais repousser que,2024-07-20,2025-01-06,En cours,14
83,Trop nouveau,2023-04-22,2025-01-09,Terminée,14
84,Renoncer espace ici,2024-03-14,2024-06-13,Terminée,10
85,Face songer rire,2024-11-07,2024-11-16,En attente,4
86,Lutter ouvert air,2023-04-30,2024-07-20,En cours,6
87,Politique dépasser,2020-06-20,2024-12-12,Terminée,11
88,Affirmer tâche plan voici venir,2021-12-03,2024-05-12,Terminée,15
89,Prêter ci dangereux figurer,2022-08-12,2023-10-01,Annulée,16
90,De vie consentir guère,2024-05-05,2024-10-15,En cours,7
91,Type sûr habiller présent,2024-10-16,2024-11-15,Annulée,5
92,Autour bas guerre chasse prier,2024-04-30,2024-08-19,Annulée,12
93,Plaire tracer recevoir,2024-09-29,2025-01-07,Annulée,2
94,Transformer commander partie pas,2023-10-19,2025-01-12,En cours,9
95,Instinct jambe tuer ventre changement,2024-01-31,2025-01-21,En attente,6
96,Interrompre roche sueur époque,2022-10-18,2023-09-15,En attente,3
97,Retirer aussitôt milieu,2021-09-09,2024-02-15,Terminée,18
98,Pleurer etc avant,2023-08-03,2023-10-06,En attente,1
99,Printemps cela accepter sueur,2023-08-31,2024-04-30,Terminée,18
100,Rapport répandre glace riche,2022-09-16,2023-05-03,Annulée,10
101,Tempête choix supposer respect,2022-04-04,2022-08-20,En attente,13
102,Suivant conversation cour haut,2022-10-13,2024-12-27,Annulée,15
103,Intelligence charger jusque poussière,2024-05-18,2024-10-10,Annulée,13
104,Me auprès chasser,2024-07-30,2024-11-18,Annulée,1
105,Guerre exposer croire,2024-11-17,2025-01-13,En cours,15
106,Dont faux fait,2024-05-05,2024-06-09,Annulée,7
107,Livrer deviner emmener recommencer,2022-04-07,2024-02-13,En cours,9
108,Colon rejoindre entre cruel,2022-12-08,2023-11-16,Annulée,7
109,Comment dormir,2023-03-04,2024-12-02,En cours,19
110,Valoir muet état,2022-05-22,2024-12-21,Terminée,16
111,Durant exister ailleurs,2020-03-18,2024-03-05,Terminée,15
112,Figurer étudier étage,2022-10-25,2023-06-26,En cours,20
113,Côte riche,2021-02-17,2022-12-16,En cours,8
114,Mener général même présent,2023-01-14,2023-02-09,Annulée,10
115,Amuser note calme passage,2024-12-27,2025-01-01,Terminée,15
116,Après saluer,2024-04-06,2024-12-13,En attente,12
117,Calmer émotion huit,2023-08-10,2024-04-02,En cours,4
118,Doucement rejoindre personnage,2022-04-05,2024-11-05,En attente,4
119,Magnifique mariage soir,2023-04-06,2023-12-03,Terminée,8
120,Entendre chaîne maladie révolution,2020-07-06,2021-05-30,En cours,5
121,Ventre aide voler d'abord,2021-02-08,2021-04-22,En attente,12
122,Miser manier appeler donc plusieurs,2021-09-15,2024-04-10,En attente,1
123,Ignorer garde,2023-12-30,2024-03-07,Terminée,6
124,Toi entrée sorte enfoncer,2021-04-22,2021-06-06,En cours,3
125,Taille occuper autrement prévenir veiller,2023-07-09,2024-07-05,Annulée,17
126,Livre beaucoup,2020-08-02,2021-05-05,En cours,4
127,Bois douceur,2023-02-28,2024-11-21,Terminée,8
128,Garde gloire lier beau,2021-07-10,2022-10-05,En attente,18
129,Avouer avec intérieur six,2023-05-07,2024-08-14,Terminée,6
130,Chasser possible époque étranger dont,2024-03-22,2025-01-27,Terminée,10
131,Poursuivre toute avancer,2020-06-02,2024-01-28,En cours,11
132,Deviner certain donc,2024-10-16,2024-12-22,En cours,2
133,Difficile histoire confier paix étude,2022-07-17,2023-11-16,En cours,20
134,Cacher idée accepter,2020-05-27,2021-10-31,En cours,12
135,Tache camarade hasard assister,2020-07-26,2022-02-07,En cours,10
136,Long mieux avance employer,2022-05-06,2023-10-20,En attente,5
137,Perdre rang,2020-06-07,2022-08-05,Terminée,20
138,Joie devoir trois,2022-10-13,2024-06-15,Annulée,2
139,Complet éclater début intelligence,2024-10-20,2024-11-30,Annulée,1
140,Saluer idée cesser,2023-01-09,2023-11-11,En attente,14
141,Entretenir libre étrange,2021-01-11,2022-09-19,Annulée,16
142,Calme voyage,2022-05-01,2024-10-25,Annulée,20
143,Tendre prévoir principe naturellement,2020-09-14,2024-10-27,En cours,11
144,Pas jeter apparence cacher,2023-01-26,2024-10-29,En cours,14
145,Mer adresser reprendre remarquer,2020-09-22,2023-09-02,Annulée,18
146,Autre geste souvenir vivant,2022-10-14,2023-03-10,Terminée,20
147,Feu plus,2022-08-21,2024-10-13,En cours,1
148,Tomber notre,2024-02-25,2024-02-25,Terminée,3
149,Sombre secrétaire mettre,2020-12-24,2022-02-13,En cours,12
150,Air servir port,2022-01-10,2023-09-07,En cours,1
151,Réel achever répéter,2023-10-31,2024-07-24,Terminée,5
152,Veille tôt,2020-07-30,2023-01-16,En attente,3
153,Vie nourrir amour travailler contenir,2024-06-14,2025-01-15,En cours,7
154,Essuyer ressembler vraiment grave,2022-05-18,2023-03-03,Terminée,2
155,User situation animer avance rue,2023-02-10,2024-01-14,Terminée,10
156,Relever exister soir,2022-06-06,2024-11-01,Annulée,19
157,De fond étudier importer être,2023-05-22,2024-06-05,En attente,4
158,Debout éclairer détacher entretenir,2021-08-06,2021-11-01,En cours,6
159,Et vague,2022-10-08,2022-12-06,Terminée,16
160,Côte avant promettre,2020-07-05,2021-01-10,Annulée,9
161,Examiner commun douleur,2022-06-16,2022-09-19,Terminée,8
162,Cuisine haut,2021-12-10,2023-07-19,En attente,15
163,Chanter trois terreur genre,2022-08-03,2023-04-30,En cours,16
164,Couvrir composer train apporter,2020-10-04,2024-02-06,Terminée,17
165,Puis souvenir apparaître baisser,2022-09-23,2022-12-03,En attente,14
166,À trop occuper quoi,2024-05-11,2024-11-12,Annulée,15
167,Colline façon hasard tout,2022-12-02,2024-12-03,Annulée,3
168,Problème musique échapper journal,2023-03-27,2023-08-27,En attente,4
169,Creuser mesure soldat,2021-12-08,2024-08-07,Terminée,9
170,Preuve sonner renoncer,2022-08-10,2022-08-17,Terminée,9
171,Effet vue geste,2020-09-30,2020-11-03,En cours,12
172,Saint foi,2024-12-20,2025-01-09,En attente,4
173,Secours femme de autant,2020-07-23,2020-10-14,En cours,5
174,Geste apparaître partir eh,2022-01-23,2023-11-06,En attente,6
175,Secrétaire à situation,2023-04-07,2024-10-28,Terminée,14
176,Lendemain déjà,2023-07-30,2024-02-09,En attente,18
177,Monter courage étranger étendre,2021-01-04,2022-08-30,Terminée,6
178,Peu reconnaître course,2022-02-24,2023-07-26,Terminée,9
179,Colère qui,2023-05-09,2023-07-24,En cours,20
180,Lui vide déposer,2020-01-30,2024-10-29,Annulée,11
181,Fer absolu éclat réflexion car,2020-12-06,2022-11-15,Terminée,3
182,Doucement chemise nombre saluer vraiment,2020-12-15,2021-06-08,En attente,20
183,Bleu rompre souffler,2023-09-22,2025-01-18,En attente,15
184,Dresser toile cou,2020-09-16,2023-09-25,En cours,19
185,Camarade fatigue cinq accompagner,2024-04-26,2024-12-29,En attente,9
186,Absolument difficile ce,2021-06-13,2023-02-15,En cours,11
187,Problème rejoindre animer,2023-12-04,2024-05-13,En cours,17
188,Leur deviner représenter compte cela,2023-05-13,2024-10-01,En cours,12
189,Chaleur craindre trop près,2021-06-24,2022-08-22,Terminée,4
190,Soir naturel manger brusquement,2020-05-18,2024-11-05,Annulée,15
191,Mourir article parler,2020-05-15,2021-02-20,Terminée,3
192,Longtemps salut billet lumière,2021-07-03,2021-07-13,Terminée,9
193,Poser ensuite agir pont sauvage,2020-07-24,2023-04-20,Terminée,1
194,Agir sang adresser manier,2023-02-21,2024-07-14,Annulée,6
195,Là robe banc,2023-12-25,2025-01-26,En attente,4
196,Habiller peau réveiller plutôt,2022-04-27,2022-08-28,En attente,8
197,Bonheur écarter vieillard,2023-04-15,2024-07-19,Annulée,8
198,Emporter emmener neuf,2022-02-13,2024-07-16,En attente,18
199,Moment bientôt essuyer,2020-07-12,2022-06-03,Terminée,3
200,Position rang exécuter,2024-04-21,2024-06-11,Terminée,18
201,Certain dresser trois tirer,2021-07-11,2023-07-21,Terminée,10
202,Étroit garçon tenir,2021-04-02,2022-05-25,En cours,4
203,Chambre grand regretter,2022-02-06,2023-07-13,Terminée,4
204,Douter usage un précis masse,2021-02-01,2021-11-03,Terminée,5
205,Aucun crainte regard,2022-10-10,2023-09-20,Terminée,13
206,Bureau descendre étendre certain,2021-12-10,2024-06-20,En cours,5
207,Étendre dessus deviner,2023-02-11,2023-09-16,Annulée,19
208,François manger exposer,2021-11-08,2023-05-05,Terminée,13
209,Maladie être extraordinaire,2020-01-13,2022-07-13,En attente,8
210,Chemin signifier désigner,2023-01-02,2024-10-09,En cours,11
211,Acte voilà,2022-09-08,2023-06-18,Terminée,19
212,Propos arbre rue,2021-05-31,2022-12-15,Annulée,7
213,Salle sortir sien,2020-10-17,2022-08-23,En attente,6
214,Certainement corps croix ennemi revenir,2024-03-03,2024-07-17,Terminée,9
215,Recueillir arrivée,2021-12-17,2024-08-18,En attente,1
216,Minute apparence changement,2021-04-10,2024-07-05,Annulée,4
217,Troubler mer chaîne du leur,2021-10-12,2024-05-05,Terminée,1
218,Fatigue cela aussitôt nord,2023-06-03,2024-04-24,En cours,19
219,Coucher image demain,2021-01-29,2023-07-23,En attente,7
220,Poésie faible trop naturel mine,2020-06-20,2022-05-23,En attente,2
221,Société qui quelqu'un décrire depuis,2023-09-21,2024-08-11,Terminée,9
222,Seigneur garçon employer bas sien,2024-01-24,2024-03-23,Terminée,3
223,De impression,2023-07-23,2024-09-12,Terminée,8
224,Souvent attacher raison sembler,2023-06-09,2024-01-20,Annulée,13
225,Regard installer espace,2023-09-06,2024-10-02,En attente,7
226,Paix ressembler fenêtre retourner,2020-06-01,2024-07-26,En cours,2
227,Poitrine mener,2022-05-25,2023-02-23,En cours,6
228,Bande rose écouter dessiner,2022-10-25,2024-08-14,Annulée,5
229,Côte riche,2022-08-01,2022-12-13,En cours,14
230,Couche lit respirer durer,2020-06-27,2021-05-15,En attente,17
231,Fer grand étranger paraître échapper,2023-08-15,2024-04-09,En cours,16
232,Nez vaste,2020-11-12,2024-07-10,Terminée,5
233,Que observer place cause,2021-11-01,2024-08-27,Annulée,5
234,Céder composer résister événement,2021-03-29,2021-05-09,Annulée,18
235,Devoir verre but,2024-06-11,2024-08-10,En attente,4
236,Président été parvenir marché,2021-11-25,2023-07-19,En cours,15
237,Quart art haïr poésie,2024-07-16,2025-01-18,En attente,2
238,Action double chaud,2023-09-08,2023-11-13,Terminée,1
239,Accuser père muet,2022-01-24,2025-01-10,En cours,14
240,Somme confier arrière mensonge,2022-11-24,2024-11-20,En cours,8
241,Chasser poste problème recevoir regretter,2020-01-25,2023-03-07,En attente,7
242,Succès le,2021-07-31,2023-12-06,Terminée,14
243,Exécuter usage,2024-06-07,2024-09-15,Annulée,1
244,Spectacle complet magnifique relation,2022-05-16,2022-08-04,Annulée,19
245,Oui inventer ailleurs noire faire,2020-10-20,2023-10-18,Annulée,4
246,Chez valoir trop défendre terrain,2020-07-29,2021-03-12,En cours,11
247,Mourir hors du,2022-05-31,2024-03-20,Annulée,16
248,Courant trembler expérience,2022-07-23,2024-11-01,Annulée,8
249,Voir chiffre,2021-03-10,2023-11-04,En attente,2
250,Loup revenir conversation travers,2021-09-09,2024-12-07,Annulée,20
251,Main police,2020-09-10,2022-09-04,En cours,16
252,Rouge trouver proposer couleur,2023-04-12,2024-03-03,Terminée,18
253,Disparaître arbre,2024-09-15,2024-10-26,En cours,9
254,Longtemps vieux rencontre,2020-01-14,2020-08-26,En attente,20
255,Centre battre content,2023-03-01,2023-10-06,En attente,7
256,Étage expliquer fonction temps chaleur,2022-11-13,2023-11-16,En attente,7
257,Éviter ne,2022-05-27,2024-03-26,Terminée,16
258,Haute plutôt parent caresser détail,2021-10-23,2024-12-27,Annulée,2
259,Nouveau te comment usage sorte,2020-09-22,2024-06-13,En attente,19
260,Longtemps camarade humide tout vêtement,2022-09-08,2024-11-28,Terminée,15
261,Malgré partout,2022-08-31,2024-07-21,En cours,4
262,Instinct propos rencontrer dehors jeu,2021-02-20,2022-03-08,Terminée,17
263,Rencontrer pendant toit printemps,2024-12-20,2024-12-25,Terminée,20
264,Chambre profond recueillir froid ramasser,2021-03-10,2024-12-06,En attente,4
265,Auteur trouver envoyer compagnon,2020-07-11,2022-04-08,Terminée,7
266,Rendre apprendre ligne prier,2020-12-06,2024-01-16,En cours,19
267,Perdu métier devant,2023-06-24,2024-02-19,Terminée,19
268,Perte occuper importer demain,2021-06-10,2022-07-03,Annulée,17
269,Cacher roi,2024-04-16,2024-11-29,En cours,7
270,Attendre bas neuf,2023-01-19,2024-10-13,En attente,4
271,Apparence complet,2022-07-03,2024-05-14,Annulée,20
272,Caractère comment bientôt voisin puis,2022-10-21,2024-06-22,Terminée,19
273,Doute particulier commander sac dégager,2021-02-16,2024-10-12,Annulée,16
274,Reste appeler appuyer placer,2023-06-22,2025-01-07,En cours,4
275,Connaître ennemi gens si crier,2020-06-10,2021-03-08,En attente,12
276,Or revenir secret couche,2022-05-13,2022-08-05,Terminée,7
277,Prêter prétendre rapide casser,2022-10-07,2023-10-21,Terminée,15
278,Cas vol rang jeune point,2021-01-26,2023-04-20,En cours,4
279,Lever ni construire réel,2020-06-09,2024-09-07,En cours,17
280,Désigner divers fixer commencer,2024-09-02,2025-01-12,En attente,5
281,Loi aspect,2022-05-17,2023-07-03,En attente,13
282,Égal quoi moitié conclure,2022-01-14,2022-10-26,Terminée,12
283,Santé retrouver tomber rien,2021-01-07,2021-10-06,Annulée,12
284,Poste faute retenir,2024-04-05,2024-08-25,Annulée,18
285,Police disparaître posséder homme,2021-02-28,2021-10-02,Annulée,8
286,Prière devant semaine obtenir chambre,2024-12-23,2024-12-26,En cours,14
287,Erreur à dent,2021-11-24,2023-06-28,Annulée,5
288,Saluer ailleurs,2021-10-07,2021-12-01,En attente,5
289,Chaise mince,2023-07-15,2023-10-01,En cours,19
290,En doigt curiosité usage entre,2022-02-15,2023-01-17,En attente,11
291,Jamais offrir arrêter position,2021-05-18,2023-02-15,En attente,13
292,Paysage effort lourd voler faim,2024-07-16,2024-12-14,En cours,12
293,Chair anglais bas remonter,2020-11-27,2024-06-22,En attente,14
294,Main juger terme,2021-06-03,2023-04-03,En attente,9
295,Cent sentir droite,2023-09-23,2024-06-26,En cours,12
296,Victime route,2024-10-04,2024-11-25,En cours,17
297,Dormir temps représenter aider,2023-06-10,2023-10-20,En attente,12
298,Rare couper poète fort découvrir,2023-01-15,2023-07-02,En attente,14
299,Heureux ce essayer,2022-03-06,2024-06-23,Annulée,13
300,Campagne rapidement plan prison,2020-02-15,2024-04-01,En cours,12
301,Voix jeunesse,2020-01-11,2023-03-07,En attente,12
302,Arriver vers ramener,2021-03-27,2021-06-13,En cours,1
303,Ville eh,2022-04-26,2023-08-08,En cours,19
304,Sourire matière poche auteur absolument,2024-11-16,2024-11-28,En cours,12
305,Représenter dès,2020-11-24,2023-04-23,En attente,17
306,Douceur inventer consulter,2020-08-17,2021-09-24,Annulée,4
307,Étoile reposer plein,2024-11-13,2025-01-08,Terminée,14
308,Pied endormir chef papa,2020-09-20,2021-08-08,En cours,20
309,Folie amener effort courir,2021-06-03,2023-11-09,En cours,6
310,Droite couper fruit,2024-06-03,2024-11-06,Annulée,11
311,Animer toi soi,2021-12-16,2024-02-20,Annulée,5
312,Nombre aimer pouvoir agiter,2024-02-20,2024-12-16,Annulée,16
313,Leur volonté,2022-06-17,2024-01-30,En attente,3
314,Social nombreux riche malade,2020-09-13,2021-03-11,En cours,16
315,Dix rond encore lire,2024-10-03,2024-12-07,En cours,1
316,Bas certain porter part,2022-05-05,2022-08-23,En attente,4
317,Nouveau conseil entier,2023-02-04,2024-12-02,En cours,9
318,Preuve précieux indiquer,2020-10-16,2023-03-12,En attente,19
319,Mesure dimanche haut,2024-09-09,2024-11-04,Annulée,11
320,Abri mois spectacle plonger,2020-10-14,2023-12-26,Annulée,10
321,Obliger doigt simplement classe,2022-11-23,2023-10-13,Annulée,12
322,Espoir animal remplir difficile,2020-07-16,2023-05-10,En attente,13
323,Alors accent attirer,2024-04-27,2025-01-17,En attente,16
324,Pareil son pensée complet,2023-07-27,2023-09-28,Annulée,16
325,Confier île saisir fleur,2021-03-05,2024-11-15,En attente,15
326,Représenter or,2022-12-26,2023-05-22,En attente,9
327,Ainsi difficile soumettre éviter avant,2022-09-12,2023-12-29,En attente,14
328,Déjà rapidement fermer,2024-03-21,2024-05-01,Annulée,17
329,Demeurer autour vide vague capable,2022-12-03,2023-09-19,En attente,20
330,Pluie présence serrer honneur enlever,2022-04-05,2024-03-01,Terminée,4
331,Pas céder nu émotion,2020-02-03,2025-01-26,En attente,7
332,Existence dame flamme escalier,2020-03-01,2021-03-16,Annulée,13
333,Discuter me garde,2024-10-30,2025-01-25,En attente,8
334,Absence battre,2023-01-11,2024-11-05,En cours,17
335,Dès âgé mêler,2020-01-19,2023-02-14,Terminée,3
336,Fils embrasser,2021-05-04,2023-02-07,Terminée,12
337,Plus horizon effort,2021-06-13,2023-08-09,En attente,2
338,Impression gens but frapper bureau,2022-03-26,2023-07-07,En cours,14
339,Disposer retirer dix choix,2020-02-09,2022-03-20,Annulée,9
340,Verre ouvert police plein,2022-12-17,2023-02-13,En cours,17
341,Selon mien nord,2024-01-10,2024-02-13,Annulée,9
342,Commun ramasser parvenir nom seulement,2020-01-26,2024-04-03,Annulée,11
343,Six résister existence,2023-09-18,2024-01-07,Annulée,9
344,Bouche ne plaire moyen glace,2024-06-29,2024-11-06,Annulée,14
345,Mode être encore,2023-03-01,2023-09-20,Terminée,19
346,Effort paquet roman,2023-12-24,2023-12-29,En cours,20
347,Portier habitant personne,2023-01-03,2023-11-30,Terminée,20
348,Peur semaine auquel,2024-03-25,2024-05-18,En attente,18
349,Tel agiter descendre,2023-07-26,2024-11-02,Terminée,11
350,Remercier bien contenter,2024-06-12,2024-11-06,Terminée,10
351,Huit plan nommer,2021-07-10,2024-01-09,Terminée,4
352,Quand arracher étranger,2022-02-12,2023-12-23,Annulée,11
353,Manger femme respect fenêtre prochain,2020-09-18,2020-11-07,En cours,4
354,Regarder loin droite saint,2023-11-24,2024-04-18,Terminée,15
355,En en,2023-04-22,2024-11-20,Terminée,1
356,Président me tout noire,2021-06-25,2024-10-20,Terminée,13
357,Acte en créer nécessaire suivant,2023-08-11,2024-08-04,En attente,11
358,Maintenir quitter,2020-08-27,2020-10-27,En attente,12
359,Tendre cent séparer,2024-05-13,2025-01-25,En attente,16
360,Toujours nouveau,2023-12-26,2024-11-05,En cours,4
361,En yeux court,2024-09-30,2024-11-12,Annulée,10
362,Valoir vaste ressembler forcer,2022-07-22,2022-08-04,En attente,7
363,Bientôt aider neuf veiller marcher,2021-09-17,2022-08-16,En cours,6
364,Signer ne discours mal cruel,2023-02-09,2024-12-19,En attente,20
365,Plaine jeune arrêter acte,2023-03-07,2024-10-29,En cours,11
366,Installer tempête rire naturel nez,2023-06-15,2024-01-02,Terminée,7
367,Calme courir sauvage dessiner,2023-11-30,2023-12-02,Terminée,15
368,Ombre parler répandre,2024-01-30,2024-04-07,En attente,18
369,Mettre inviter rapidement obliger,2023-08-15,2024-07-19,En attente,4
370,Durant vaste marchand dont ouvrir,2020-01-08,2021-08-21,En cours,2
371,Paraître oreille général sûr,2021-11-20,2024-01-07,En attente,2
372,Chant sombre connaître flamme rêve,2020-12-29,2021-03-30,En attente,3
373,Attaquer rapide justice bonheur,2020-04-06,2024-06-26,Terminée,5
374,Installer grave,2021-03-04,2021-06-17,En attente,11
375,Profond son devenir rencontre,2020-01-17,2023-07-03,En attente,15
376,Pièce étoile printemps achever qualité,2023-07-21,2023-12-12,En attente,16
377,Madame façon consentir,2020-03-16,2021-05-03,En attente,6
378,Vivant douleur,2022-11-23,2024-02-19,En attente,17
379,Inquiéter pluie tenter expression,2022-08-03,2023-10-04,Annulée,8
380,Sauvage avant,2020-07-02,2022-03-12,En cours,16
381,Emmener être cabinet là avoir,2024-03-08,2024-09-25,Annulée,18
382,Rouge décider,2020-08-18,2022-05-10,En cours,18
383,Cesse chasse grâce rencontrer,2021-04-20,2021-06-10,En attente,11
384,Attacher moi,2020-05-26,2025-01-01,En cours,8
385,Emporter mer difficile,2021-09-08,2022-01-16,Terminée,4
386,Goutte conduire,2023-06-08,2024-11-14,En attente,9
387,Renverser haute petit bon engager,2023-10-11,2024-11-19,En cours,2
388,Chez personne histoire,2022-04-07,2024-07-22,En attente,11
389,Esprit beau paupière personnage éclater,2022-09-19,2024-02-20,Terminée,6
390,Douze joie jamais caresser but,2023-01-25,2024-10-08,Annulée,2
391,Auprès emmener étrange fermer,2020-08-06,2021-03-29,Terminée,4
392,Ensuite connaissance joli,2023-03-16,2023-08-23,Annulée,17
393,Partager conversation question appuyer,2022-02-16,2023-03-23,En attente,16
394,Ennemi suivant étranger savoir,2022-06-23,2022-11-08,En attente,12
395,Glisser huit,2022-01-01,2023-07-14,Terminée,18
396,Différent lit,2022-03-14,2023-08-21,En cours,7
397,Doucement image répéter tenter vol,2022-07-19,2024-04-27,Terminée,17
398,Tenir résistance,2023-08-31,2024-06-22,Terminée,18
399,Résistance plante haine nord,2021-04-30,2023-10-15,Annulée,3
400,D'Autres capable différent papier bataille,2023-09-03,2024-03-20,En cours,20
401,Bataille face briller sein colère,2024-09-07,2024-09-11,Terminée,6
402,Jusque inquiéter attaquer joindre jeu,2021-01-13,2022-05-06,En cours,4
403,Tombe absolu pourtant,2021-10-27,2024-04-25,Terminée,5
404,Soudain jouer delà mort,2021-06-11,2023-08-21,En cours,1
405,Souvent chat feu,2022-07-19,2023-09-08,Annulée,18
406,Espèce bête malade ici,2022-02-18,2023-10-16,Annulée,5
407,Pont gouvernement métier,2022-03-06,2022-06-11,Terminée,11
408,Ennemi ville point prévenir partie,2021-11-16,2023-09-12,En cours,18
409,Révolution effacer commander peuple figure,2022-02-03,2023-04-27,Terminée,5
410,Distinguer pur soirée marquer,2020-07-12,2023-12-15,En attente,19
411,Loi ouvrage trait droit réel,2021-04-25,2024-06-01,En cours,7
412,Partout devoir afin de joue leur,2020-08-23,2021-02-08,Terminée,10
413,Salut quand détacher ce,2023-01-01,2024-02-19,Annulée,1
414,Allumer mensonge vingt,2022-04-27,2024-09-29,En attente,10
415,Calme montrer yeux lieu,2021-02-17,2022-07-11,En attente,3
416,Par escalier composer,2020-11-06,2021-11-05,Terminée,2
417,Voiture chaleur de,2023-01-10,2023-06-24,Annulée,6
418,Tapis le produire on,2023-11-09,2024-01-02,Terminée,13
419,Suivant crise titre,2020-10-01,2023-01-19,En attente,17
420,Jeune intelligence part,2020-06-26,2020-10-05,Annulée,10
421,Imaginer vide quoi,2021-04-11,2022-08-01,Terminée,12
422,Tâche chaise imposer charge,2020-12-21,2024-08-10,Terminée,1
423,Remonter nu également,2021-01-02,2024-10-09,Terminée,2
424,Commun révéler crise poids mien,2020-02-10,2023-02-10,Terminée,14
425,Présence pauvre trésor travailler,2023-05-22,2024-02-09,Terminée,16
426,Madame quant à changement vers taille,2023-03-10,2023-09-08,En cours,8
427,Oublier placer parcourir étude,2021-05-23,2024-03-21,En attente,5
428,Étonner capable,2024-01-24,2024-04-17,En attente,10
429,Hôtel payer jardin,2023-04-17,2024-08-25,En cours,3
430,Autrefois même goût te ce,2020-08-09,2024-12-31,En cours,11
431,Devoir rassurer relever,2023-02-25,2023-08-19,En cours,14
432,Achever rire pousser douleur,2023-02-02,2024-09-11,En attente,18
433,Vol roman mauvais,2023-07-04,2024-08-01,En cours,1
434,Acheter eau voix,2021-01-19,2024-07-22,En cours,11
435,Sorte vision accompagner,2022-10-20,2024-06-29,Terminée,10
436,Auprès discussion complètement,2020-12-06,2022-05-03,Terminée,12
437,Appel pousser,2024-09-23,2024-09-25,Annulée,7
438,Causer lors tu refuser,2020-03-26,2020-12-17,Terminée,4
439,Double comprendre chaise,2023-06-02,2023-07-16,En cours,2
440,Faute vrai visite observer,2022-08-01,2023-12-17,Annulée,3
441,Rêve lit pluie soudain réserver,2021-09-17,2024-01-11,Annulée,6
442,Servir tâche toi comme,2024-11-22,2025-01-01,Annulée,15
443,Trois paraître face essayer,2023-08-06,2024-05-03,Terminée,15
444,Réclamer plaisir satisfaire bête,2020-12-06,2023-07-05,Annulée,5
445,Sûr endormir examiner demander,2022-08-24,2023-08-10,En attente,11
446,Préparer repas large ne,2024-04-29,2024-07-21,Terminée,8
447,Manier demain découvrir juste,2021-05-13,2023-03-14,En attente,18
448,Comprendre quel cinquante arriver doucement,2022-12-07,2023-01-25,Annulée,8
449,Supporter chaleur accorder,2024-01-24,2024-12-16,En cours,1
450,Goutte regarder et monsieur,2024-05-11,2024-12-06,En cours,10
451,Battre ce triste façon,2023-06-29,2024-04-18,En cours,11
452,Affirmer rideau oeuvre sourire,2022-02-11,2022-04-02,En attente,16
453,Battre bras,2024-11-19,2025-01-17,En cours,4
454,Français engager capable,2022-01-19,2023-05-13,Terminée,7
455,Français mariage moyen,2022-04-08,2022-10-13,Terminée,7
456,Jamais air,2021-02-16,2024-03-20,En attente,16
457,Intérieur dépasser mémoire conversation,2020-08-22,2022-09-30,Annulée,14
458,Aider dépasser glace forcer,2021-05-18,2024-07-24,En cours,11
459,Mer réflexion verser veille,2023-03-13,2024-07-01,En cours,18
460,Dessus sourire,2021-05-05,2022-08-14,En cours,15
461,Soin machine,2020-05-23,2021-04-08,En cours,7
462,Fois politique dangereux pont,2021-05-25,2024-09-13,Terminée,5
463,Immobile voler meilleur amener,2022-02-03,2024-05-11,Annulée,6
464,Droite repas d'abord,2024-06-15,2025-01-05,En attente,1
465,Saint prononcer cheveu choix,2022-05-22,2024-11-05,Terminée,15
466,Sec militaire soit,2021-10-25,2022-04-11,Terminée,10
467,Profiter cacher renverser charge arrêter,2021-02-17,2022-07-15,Annulée,4
468,Seul froid,2020-03-17,2023-02-11,Terminée,18
469,Journal nommer chair changer,2022-03-02,2022-04-26,En cours,8
470,Brûler embrasser recueillir gens parvenir,2022-08-17,2022-10-17,En attente,12
471,Agir question bien tant,2022-07-24,2022-11-25,Annulée,13
472,Solitude tromper tout,2023-01-22,2025-01-28,Terminée,7
473,Prendre haut éclat car résister,2024-09-04,2024-09-25,Terminée,14
474,Refuser tôt même calme,2021-07-19,2024-10-01,En cours,8
475,Tel penser discussion,2022-01-01,2023-05-03,En attente,11
476,Il fond,2024-09-01,2024-09-28,Annulée,14
477,Fine jambe public,2024-10-27,2024-12-18,En attente,7
478,Vue diriger humide position,2022-03-15,2024-06-16,En attente,12
479,Lors réfléchir manquer soldat,2021-11-17,2022-04-22,Annulée,8
480,Oser habiter véritable police,2021-09-02,2023-06-19,En cours,7
481,Presser pour être détruire,2020-10-13,2021-09-30,En cours,1
482,Propos sueur cour larme,2023-09-08,2024-08-22,Terminée,7
483,Départ atteindre froid,2023-09-02,2023-12-26,En attente,1
484,Commencement oeuvre humide façon,2020-11-06,2022-02-01,En attente,12
485,Seulement race présenter valoir,2020-09-28,2021-11-25,En cours,18
486,Manquer craindre discuter ne,2020-05-21,2020-11-30,En attente,12
487,Un signe politique souhaiter défaut,2022-06-15,2022-07-05,En attente,17
488,Résultat cri apercevoir remplir,2022-05-28,2024-08-18,Terminée,20
489,Juge été,2021-12-13,2024-08-03,Terminée,9
490,Cheveu nécessaire vêtir écarter chaque,2021-06-23,2023-08-20,Annulée,13
491,Parfaitement même votre marquer,2020-07-07,2024-09-06,Terminée,13
492,Représenter veiller connaissance animer,2022-12-25,2023-06-23,En attente,5
493,Prochain y apercevoir étendue,2021-10-07,2023-12-22,Annulée,1
494,Prier corde aider soi,2023-09-03,2023-10-29,Annulée,6
495,Fier égal compagnie état,2021-02-06,2023-08-13,Annulée,5
496,Étroit jouer vol circonstance,2020-06-26,2024-02-11,En attente,8
497,Sentiment police briser mariage,2021-01-03,2025-01-16,Terminée,15
498,Arrêter société changement derrière,2020-02-13,2021-04-17,Annulée,3
499,Sein mettre,2023-07-26,2023-11-05,Annulée,4
500,Embrasser société oser,2023-02-15,2023-07-09,Annulée,9
501,Cri comme poésie,2022-07-14,2022-12-02,En cours,4
502,Cher début,2024-04-22,2024-08-02,En cours,16
503,Charger quitter profiter courir que,2022-04-07,2024-05-20,Annulée,18
504,Lorsque changer côté désert prévoir,2020-03-03,2024-02-20,Annulée,17
505,Vite campagne surtout,2023-01-02,2024-07-23,En attente,4
506,Étranger théâtre grâce joli derrière,2021-08-13,2022-05-05,En attente,19
507,Genou dix doux avance,2021-12-29,2024-11-21,Terminée,7
508,Causer clef toucher depuis dimanche,2022-06-16,2024-03-17,Annulée,7
509,Mesure fuir pendre exprimer,2024-05-15,2025-01-11,En attente,17
510,Retomber différent réunir passé,2021-05-09,2022-04-18,En cours,2
511,Comment bête matin,2021-01-09,2023-06-06,En cours,20
512,Tandis Que tromper celui,2020-10-07,2021-06-04,Terminée,1
513,Retenir guerre fusil but penser,2024-10-17,2024-11-30,Terminée,13
514,Chambre partout magnifique particulier froid,2024-11-15,2024-11-20,Annulée,12
515,Hasard renoncer ouvrir marchand compte,2024-01-11,2024-02-17,Annulée,16
516,Sous fille arrivée,2022-08-05,2023-12-24,En attente,13
517,Secret musique lequel complet,2023-01-19,2023-08-28,En cours,10
518,L'Un rouge île vite que,2022-02-04,2022-12-05,Terminée,18
519,Tenir digne impression,2020-01-14,2021-07-26,Annulée,11
520,Dangereux oiseau essayer trésor,2020-09-09,2021-03-10,En attente,20
521,Étouffer sous avouer venir prévoir,2022-03-11,2024-03-29,Annulée,11
522,Arbre tout vide mon,2022-06-24,2024-12-21,Terminée,16
523,Arrêter double centre,2022-10-11,2023-10-28,Terminée,18
524,Large plaire visage haine signe,2020-05-01,2022-03-17,En attente,7
525,Mal matin amener chanter,2021-07-11,2022-02-27,En attente,18
526,Marcher plein,2024-03-14,2024-09-26,Terminée,11
527,Exister manier répondre désespoir,2024-02-09,2024-08-27,En cours,2
528,Manger cour,2023-03-30,2024-05-18,En attente,15
529,Lettre personne ferme circonstance,2021-01-23,2022-08-27,Annulée,2
530,Aider écouter inventer nombre,2023-05-21,2023-09-01,Terminée,15
531,Sou saisir revenir pousser nombreux,2020-05-04,2023-12-13,En attente,3
532,Prendre sien,2024-02-08,2024-06-27,En attente,4
533,Maître entraîner justice,2022-05-31,2023-06-14,En cours,9
534,Dangereux voie risquer vendre,2020-11-30,2021-03-13,Terminée,10
535,Fait fixer,2023-04-23,2023-12-24,En cours,12
536,Signifier choisir vendre elle,2020-09-28,2022-04-25,Annulée,2
537,Lui autant tête,2023-04-09,2024-02-15,En attente,13
538,Pur état,2022-02-09,2022-07-01,Annulée,19
539,Pleurer vol dent,2024-07-28,2024-11-16,En attente,14
540,Envoyer pur,2024-09-04,2024-12-24,Annulée,13
541,Arriver violent,2021-10-07,2023-02-06,Terminée,17
542,Parole long garder voilà,2022-01-29,2024-12-07,En cours,11
543,Ton siège noir,2024-09-11,2025-01-24,Terminée,4
544,Village savoir,2020-06-18,2021-02-15,En attente,13
545,Obliger présent feu,2024-05-18,2025-01-15,En attente,16
546,Ligne muet honte coup,2020-07-06,2023-01-16,Annulée,2
547,Hors tout poser apercevoir,2021-10-26,2023-01-19,Annulée,13
548,Fruit usage appel sou,2021-11-30,2024-06-20,Annulée,13
549,Amener arrivée rapport,2020-10-15,2022-12-23,En attente,9
550,Respect avis,2023-05-29,2023-11-09,Annulée,13
551,Fer quelque vrai exécuter rayon,2023-07-29,2024-07-26,En attente,17
552,Aspect égal aussi,2020-03-09,2023-12-04,Terminée,13
553,Guerre donner leur éclairer,2021-04-13,2021-08-23,Annulée,14
554,Prévenir rire distinguer,2024-07-09,2025-01-19,En attente,9
555,Violent voir trésor,2020-12-09,2022-03-06,Terminée,18
556,Lueur parcourir,2024-06-13,2024-11-11,En cours,17
557,Soir nommer vérité,2023-01-01,2023-04-19,En attente,6
558,Parole bientôt,2024-07-19,2024-12-26,En attente,3
559,Métier note matin siècle,2020-12-05,2021-04-18,En cours,8
560,Assez enfance veille particulier,2024-03-03,2024-11-17,Annulée,11
561,Delà or joli,2022-04-11,2024-09-29,En cours,19
562,Quatre tache mesure vue retenir,2021-12-27,2022-05-20,Terminée,9
563,Fenêtre doucement réel,2021-12-20,2022-06-23,En attente,10
564,Livrer fille début fatigue,2020-03-04,2021-06-16,En attente,11
565,Fenêtre camarade mode,2022-04-26,2022-09-07,En cours,1
566,Au nord,2024-12-04,2024-12-05,En attente,1
567,Empêcher joindre chef sujet,2023-06-30,2024-11-13,En attente,20
568,Intérieur taire oh,2021-06-15,2023-06-27,En attente,16
569,Vraiment ton chaque,2021-02-25,2023-06-07,En cours,14
570,Avance raison,2021-12-16,2023-02-07,Terminée,2
571,Toujours note vin,2024-12-25,2025-01-06,En cours,8
572,Lit couper,2020-04-18,2020-08-25,En attente,8
573,Nuage marche écrire,2020-09-26,2022-09-04,Terminée,1
574,Discours former désespoir,2023-05-09,2025-01-24,En attente,16
575,Haut drôle épaule,2021-06-24,2021-11-18,En attente,2
576,Grand foi ensuite,2021-01-18,2023-04-17,En attente,19
577,Tel de mensonge plaisir politique,2022-10-25,2024-12-28,En attente,14
578,Ruine chose,2024-05-04,2024-07-03,En cours,10
579,Sourire malheur sujet souvenir,2020-07-30,2022-08-16,Annulée,19
580,Demain direction,2022-10-02,2023-03-04,En attente,2
581,Eaux casser sac,2022-03-22,2024-11-21,En attente,7
582,Porter avancer ramasser geste paquet,2023-03-09,2023-04-13,Terminée,19
583,Rocher léger rêve,2023-10-22,2024-02-10,En cours,15
584,Projet jeune lequel boire loin,2023-06-03,2024-03-31,Terminée,19
585,Non serrer répandre tout,2020-06-24,2021-10-07,Terminée,14
586,Ville possible large obéir,2020-05-02,2023-02-22,En attente,1
587,Menacer escalier,2020-03-09,2020-04-15,Terminée,19
588,Esprit officier amour,2022-08-11,2024-03-02,Annulée,8
589,Long autorité faim,2020-05-20,2024-03-01,En cours,4
590,Allumer ensemble guerre relever,2023-12-23,2024-07-26,En attente,11
591,Officier inutile charger,2021-10-08,2022-07-08,Annulée,14
592,Exposer mêler ailleurs bas,2022-08-09,2023-12-04,Annulée,8
593,Idée véritable respect reconnaître,2020-09-20,2022-04-17,Annulée,13
594,Rare époque distance vieux prière,2020-12-18,2021-03-20,Terminée,14
595,Lieu sable passé,2021-01-21,2021-08-07,Terminée,7
596,Heureux dresser course demain,2023-07-23,2024-03-28,En cours,1
597,Demande effet inconnu,2023-09-02,2023-12-31,En attente,11
598,Billet attitude,2020-04-09,2021-05-15,En cours,7
599,Mentir marché protéger prouver,2022-07-11,2024-12-04,Terminée,1
600,Article pluie,2020-08-09,2021-04-04,Terminée,8
601,Silencieux terme bande chemise différent,2023-06-16,2023-07-31,Terminée,15
602,Menacer sein sauvage passion,2024-10-06,2024-10-31,En attente,8
603,Réserver toucher,2021-12-17,2023-04-11,En cours,10
604,Français en rose,2023-02-23,2024-10-26,En cours,8
605,Chaîne amuser,2021-06-19,2021-10-12,Annulée,10
606,Fois devenir train travailler,2020-08-07,2021-02-26,En attente,7
607,Haine effet appel étendue abri,2022-06-30,2023-03-28,Terminée,17
608,Couper très secret,2021-02-14,2024-03-28,En attente,6
609,Prétendre oeuvre drame,2024-08-03,2025-01-24,Terminée,1
610,Mine soumettre eau écrire,2023-03-14,2023-07-10,En attente,18
611,Transformer emporter,2023-12-05,2024-03-12,En cours,11
612,L'Une objet,2020-04-27,2023-01-19,Terminée,14
613,Fleur derrière,2021-09-27,2024-05-20,Terminée,17
614,Plaire chose leur près,2022-06-03,2023-03-01,Annulée,3
615,Colère désert protéger éteindre printemps,2021-02-12,2024-05-23,Annulée,1
616,Déjà rencontre rompre,2022-01-10,2023-09-26,Annulée,3
617,Midi mince,2021-10-14,2024-08-19,En cours,19
618,Auprès phrase noir quant à,2022-04-02,2022-04-26,Annulée,20
619,Briller tracer mener,2022-03-12,2022-07-15,Terminée,6
620,Quatre beau couleur,2022-09-27,2024-12-11,En attente,15
621,Promener habitude dessiner,2024-01-25,2025-01-13,Annulée,13
622,Genou cent réserver certainement,2020-01-29,2020-10-01,Terminée,13
623,Repousser heureux désirer silence,2020-08-23,2021-07-17,En attente,12
624,Ni parce que fils vouloir disposer,2021-03-27,2022-07-24,Annulée,9
625,Auteur direction franchir verser,2024-10-14,2025-01-24,En cours,7
626,Point causer bruit,2020-10-31,2021-12-11,Annulée,14
627,Remarquer soleil effacer coûter aller,2022-11-20,2023-10-12,En attente,13
628,Groupe solitude haute,2021-07-10,2024-11-15,En attente,7
629,Troisième départ cheveu inviter,2022-04-20,2024-03-18,Terminée,8
630,Dépasser hors herbe avant,2023-10-28,2023-10-30,En attente,12
631,Occasion contraire,2023-08-31,2024-06-03,En cours,19
632,Haute instant rencontrer ministre,2022-03-24,2023-01-10,En attente,12
633,Coeur en meilleur sur,2021-03-09,2024-01-26,Terminée,13
634,Quarante tourner confier demain,2023-10-04,2024-09-05,Annulée,17
635,Cour apparence,2022-03-29,2023-04-28,En cours,17
636,Apparence papier connaître nommer sommet,2023-07-30,2024-03-13,Annulée,19
637,Titre franc,2024-08-25,2024-11-23,En attente,7
638,Placer casser,2020-03-03,2021-04-12,Terminée,16
639,Public mentir,2022-08-29,2023-04-29,En attente,15
640,Réalité détail doux,2024-01-12,2024-12-08,Annulée,6
641,Ciel désigner saint consulter animer,2020-01-04,2024-02-18,En cours,13
642,Premier très courir trois,2022-05-02,2023-06-01,Annulée,7
643,Suivre véritable créer différent,2021-07-03,2023-03-20,En attente,9
644,Douceur pleurer ceci savoir,2022-10-25,2023-06-22,En cours,20
645,Mieux pendant vin essuyer dehors,2021-09-14,2024-06-04,Terminée,8
646,Droite titre vin,2020-02-27,2024-02-25,Annulée,6
647,Être former,2021-06-28,2025-01-10,Terminée,7
648,Content valoir bras,2024-09-10,2025-01-19,En cours,20
649,Répandre consulter songer propos après,2024-01-08,2024-12-01,En attente,15
650,Remercier habitude seul semaine poésie,2021-10-13,2022-08-04,En cours,3
651,Feuille enfermer expérience situation promener,2021-08-17,2024-04-14,En attente,18
652,Miser descendre surprendre,2023-10-30,2025-01-12,En attente,14
653,Chacun immobile monsieur écraser morceau,2023-12-13,2024-08-12,En attente,10
654,Doigt chat champ justice,2022-05-05,2024-01-26,Terminée,14
655,Tout quart,2024-02-11,2024-06-28,En attente,1
656,Liberté lumière créer terreur entrée,2023-12-04,2024-04-04,Annulée,16
657,Respecter noir fils traiter,2020-07-20,2024-01-25,Terminée,8
658,Penser parent social pourquoi,2022-12-08,2024-12-05,Terminée,17
659,Veiller sujet habiller chiffre,2021-12-11,2022-10-24,Annulée,3
660,Hier mesure souhaiter croire,2023-04-02,2023-09-24,En attente,12
661,Surtout figurer,2023-04-25,2024-12-26,Terminée,8
662,François tracer long,2020-12-18,2024-07-20,Terminée,16
663,Conversation plonger que accepter détacher,2021-09-15,2023-10-17,En attente,8
664,Afin De tout intérieur,2023-04-11,2023-09-02,En attente,18
665,Genou officier,2024-08-25,2025-01-01,En attente,20
666,Mien plutôt quitter famille,2021-02-26,2024-07-07,En attente,20
667,Neuf aller conscience précipiter,2020-08-09,2023-11-23,Terminée,15
668,Aspect bois bon,2020-06-22,2023-11-29,Terminée,13
669,Détacher facile,2022-07-03,2023-05-22,En cours,3
670,Feuille haut oui entendre,2022-01-12,2023-10-15,En attente,18
671,Ensemble résoudre agir,2021-05-16,2025-01-12,Annulée,5
672,Vieux cou sommet,2024-04-08,2024-09-04,En cours,5
673,Gouvernement tâche oreille affirmer,2023-08-04,2023-09-24,En attente,2
674,Curiosité décider le,2022-10-14,2024-01-20,Terminée,13
675,Travail soin miser moment,2024-07-11,2024-07-13,Annulée,19
676,Phrase avouer avoir,2020-01-13,2024-04-26,Annulée,15
677,Ministre regard de lutter jeunesse,2022-08-24,2025-01-05,En cours,14
678,Oncle mourir eau,2022-12-22,2023-06-20,En cours,20
679,Plus glisser,2020-06-17,2021-03-25,En attente,17
680,Même élément,2024-09-26,2024-10-11,En attente,19
681,Résister bras asseoir soir,2023-05-29,2023-09-03,En attente,19
682,Contre apparence apercevoir accrocher,2024-11-11,2025-01-15,En attente,17
683,Ici mode expérience bout,2021-10-16,2021-12-09,Terminée,16
684,Agent forêt,2021-07-20,2021-10-07,Annulée,2
685,Calme livre découvrir,2023-11-25,2024-08-20,Terminée,8
686,Miser part respect table,2022-08-10,2023-05-21,En attente,5
687,Rouge attacher rencontrer ah,2024-07-09,2024-10-26,Annulée,14
688,Absolument très,2024-08-29,2024-10-23,Terminée,3
689,Qualité attention changer folie,2021-03-19,2023-03-10,Annulée,13
690,Avec claire objet instinct,2022-07-27,2023-05-05,En cours,8
691,Que coin seconde petit toute,2022-10-15,2024-06-09,En cours,5
692,Ligne tantôt du expression arbre,2022-02-25,2022-05-05,Annulée,4
693,Quinze gens si,2021-08-28,2023-11-09,En cours,11
694,Compter noir jeunesse,2022-01-13,2023-10-13,Terminée,8
695,Animer queue pendre,2022-01-18,2023-10-02,Annulée,20
696,Delà vide beau front mauvais,2021-09-19,2024-05-22,Annulée,13
697,Ramener durant,2021-07-18,2024-03-05,En attente,14
698,Beau mariage lors,2021-02-28,2021-07-28,Terminée,15
699,Rapide honneur nuage,2022-08-23,2024-12-13,En cours,12
700,Personne poésie,2024-10-25,2024-12-06,Terminée,1
701,Cela prochain entrer attendre présenter,2023-12-05,2024-06-21,En cours,16
702,Depuis tâche saluer commander dent,2022-07-27,2025-01-10,Annulée,19
703,Regarder âme important,2021-05-15,2021-10-22,En attente,13
704,Quelque avancer maître conscience,2022-06-19,2023-05-23,Annulée,14
705,Promener elle,2023-08-28,2023-09-22,En cours,7
706,Année cinquante travers en croire,2020-11-14,2024-09-01,Terminée,19
707,Lequel réalité,2020-09-25,2022-08-02,Terminée,20
708,Tâche début pousser,2024-02-05,2024-04-20,En cours,14
709,Fruit gros demeurer cheval dessus,2024-04-09,2024-09-21,En cours,4
710,Prononcer âme le,2023-03-18,2025-01-20,En cours,5
711,Approcher lieu juge silencieux moyen,2024-09-17,2024-09-29,En cours,6
712,Tourner jaune retourner,2021-12-15,2025-01-16,Terminée,5
713,Combat adresser marche mentir éclairer,2024-06-01,2024-11-11,En attente,6
714,Appartement mon rayon,2024-12-27,2024-12-29,Terminée,1
715,Coûter manger plaine,2023-04-03,2024-11-30,En attente,15
716,Rendre cinquante ombre situation,2021-11-02,2023-08-28,En attente,9
717,Notre fidèle action hôtel,2023-06-12,2024-01-11,Terminée,11
718,Combien gros,2024-03-30,2024-07-19,En cours,2
719,Tard militaire fort dos depuis,2021-01-06,2024-09-25,Terminée,4
720,Service ton avec partout droit,2022-11-27,2024-06-14,Terminée,11
721,Ressembler conclure mentir montagne,2023-11-23,2024-11-29,Terminée,14
722,Âme vêtir près lune,2020-02-28,2021-09-12,En cours,6
723,Écouter inutile sept mettre,2021-12-29,2024-08-10,Terminée,9
724,Fois rayon désert,2020-08-08,2020-09-28,Terminée,18
725,Demander gagner courant poche,2021-09-26,2024-03-04,En attente,4
726,Eh genre voix glisser main,2021-05-11,2023-04-13,Terminée,5
727,Avis odeur oeuvre quatre,2021-08-20,2024-12-26,En cours,14
728,Te perte bon accomplir,2021-09-18,2021-10-19,En cours,7
729,Lier oser,2024-02-12,2024-11-19,Terminée,10
730,Remonter rencontre recueillir quart sur,2023-11-29,2024-08-17,Terminée,17
731,Type assister plaine croiser,2023-08-17,2024-09-02,Annulée,15
732,Présent magnifique répandre précéder,2023-08-04,2024-02-10,Annulée,18
733,Dans unique,2023-01-10,2023-07-02,En attente,4
734,Près midi,2023-04-17,2023-09-29,En attente,3
735,Poche posséder double vision,2024-03-29,2024-07-03,En cours,14
736,Enfoncer combat,2021-10-11,2023-02-28,En attente,11
737,Mort souffrance jusque delà,2020-04-19,2022-05-12,En cours,1
738,Quoi accorder,2020-04-25,2024-12-12,En attente,9
739,Cheval parent,2023-11-18,2024-08-15,Annulée,5
740,Étudier courant,2021-07-13,2023-06-08,En cours,5
741,Frais endormir en,2021-10-01,2021-10-28,En cours,14
742,Travail partager arrêter,2024-08-03,2024-08-11,Terminée,8
743,Connaître roman désert,2022-06-09,2023-04-18,En cours,16
744,Mal lèvre recueillir esprit ciel,2022-12-26,2023-07-22,En attente,19
745,Fin commencement secret,2020-02-03,2021-11-28,Annulée,4
746,Auquel fleur,2021-04-18,2024-03-26,Terminée,11
747,Examiner chanter franc île,2022-01-31,2024-07-28,En attente,2
748,Bas habiter,2020-11-26,2022-11-29,En attente,5
749,Petit plaire fête étroit,2020-07-04,2024-05-04,Annulée,6
750,Comment officier digne,2023-03-16,2023-04-28,En attente,6
751,Étoile bon aile,2024-07-07,2024-12-21,En cours,20
752,Rencontre dont content,2023-12-11,2024-06-01,Annulée,16
753,Troisième lueur arriver,2020-10-28,2021-03-09,Annulée,15
754,Relever un parler,2022-11-30,2024-03-28,Terminée,14
755,Frère nécessaire terrible trou loin,2021-09-27,2025-01-28,En attente,20
756,Projet cheveu auquel,2020-05-05,2020-06-14,Annulée,2
757,Indiquer intelligence nouveau réclamer,2023-07-19,2024-02-14,Annulée,8
758,Particulier voisin reprendre aide,2023-08-27,2024-02-15,Annulée,8
759,Moi oeil,2020-11-25,2021-10-13,En attente,16
760,Disposer grand apparaître assez,2020-06-10,2024-04-14,Terminée,19
761,Choisir puis confiance chasse,2021-09-18,2022-12-01,En cours,15
762,Poids appartement oh cheveu,2022-12-19,2024-07-16,Annulée,12
763,Morceau paysan religion,2023-02-14,2023-04-18,En attente,7
764,Sombre plusieurs trois figurer,2020-07-24,2024-09-07,En cours,2
765,Pays agir révolution conversation caresser,2023-06-21,2024-02-24,Terminée,17
766,Fait départ besoin,2023-07-30,2023-08-05,En cours,16
767,Classe retrouver chef,2022-02-01,2024-02-27,Terminée,1
768,Dégager étage désert continuer mine,2022-05-17,2023-11-26,Terminée,2
769,Père présent bien page,2024-10-24,2024-12-24,Annulée,19
770,Repas énorme souvenir,2024-03-28,2024-07-20,Terminée,14
771,Jeune tomber secrétaire ci de,2024-12-04,2024-12-14,En cours,5
772,Tomber plan étroit cause,2020-07-02,2024-09-22,Annulée,8
773,Refuser chiffre savoir accomplir devoir,2020-04-15,2021-05-20,En attente,9
774,Chien sien doigt,2023-09-21,2023-10-11,En cours,15
775,Fils curiosité vague pensée hors,2022-10-03,2024-03-26,En attente,13
776,Aile charger,2023-09-01,2023-11-14,En cours,5
777,Couvrir importance tout,2021-12-01,2023-12-31,En cours,19
778,Flamme lit source,2020-01-28,2020-03-14,En cours,10
779,Suffire commander ci répondre hier,2024-07-21,2024-12-27,Annulée,6
780,Frère tu rêve lourd,2020-05-11,2022-08-05,En attente,2
781,Chance officier porter vin remonter,2024-03-22,2025-01-23,En cours,6
782,Battre grain y joue,2023-11-29,2024-07-31,Annulée,13
783,Remplacer tapis,2021-12-25,2024-03-16,En attente,7
784,Marcher lendemain etc pour,2021-01-15,2023-03-23,Terminée,19
785,Cercle forêt,2023-03-29,2023-11-19,En cours,18
786,Parcourir genou supérieur rouge phrase,2023-01-03,2024-10-26,Annulée,14
787,Magnifique colon idée,2022-04-14,2022-05-06,En attente,18
788,Etc forcer mériter,2023-06-28,2023-08-01,En attente,3
789,Plus immobile douze avance événement,2024-05-04,2024-09-08,Annulée,6
790,Portier détail froid précéder,2020-10-28,2021-04-02,En attente,14
791,Rayon consulter petit réel,2023-09-19,2025-01-23,Terminée,9
792,Nation chaîne beaux visage problème,2023-07-16,2024-04-02,Terminée,20
793,Traverser âgé gauche,2020-07-25,2023-08-29,En cours,18
794,Troubler demander nombreux,2022-03-23,2024-04-29,En attente,16
795,Sourire derrière rare après,2021-11-12,2024-02-08,En attente,9
796,Hasard davantage ordre passage,2021-12-12,2023-11-09,En cours,2
797,Même danger devoir bonheur,2021-03-21,2021-07-12,En cours,2
798,Emmener prière,2023-08-09,2024-04-06,En attente,5
799,Mériter mot père devoir,2022-09-25,2023-07-06,En attente,2
800,Coûter distance mort,2024-12-03,2024-12-03,Annulée,9
801,Tourner d'autres extraordinaire anglais,2022-11-21,2024-07-05,Terminée,17
802,Debout chant riche,2021-02-01,2024-03-26,En cours,16
803,Rocher demain peuple,2022-11-21,2023-09-11,Terminée,12
804,Affirmer porter faire bas,2022-03-15,2022-04-21,Terminée,1
805,Endormir pas,2020-10-05,2021-02-10,Terminée,10
806,Neuf comme,2023-02-05,2024-09-20,Terminée,14
807,Société étranger madame figurer pointe,2021-02-23,2024-07-23,Annulée,12
808,Signer intérêt année,2021-10-12,2021-11-23,En attente,1
809,Savoir sang ni jeu,2020-08-15,2024-06-27,Terminée,18
810,L'Une être,2022-07-30,2022-10-29,En attente,11
811,Forêt rue émotion,2021-04-21,2024-07-17,En cours,2
812,Retourner hasard personne rang,2021-03-08,2021-05-14,Terminée,18
813,Million malgré etc,2020-02-26,2021-05-14,En attente,13
814,Image lutte patron,2022-12-04,2024-09-13,Annulée,15
815,Succès pareil,2024-03-05,2024-09-01,En cours,10
816,Heure service répondre article,2022-11-07,2024-02-29,En cours,7
817,Histoire vin pourtant as étendre,2024-08-04,2024-10-17,En attente,5
818,Nouveau marche,2023-11-19,2023-12-06,En attente,15
819,Oiseau bruit bureau,2022-04-01,2022-06-30,En cours,11
820,Choisir vide volonté delà soit,2020-02-02,2021-08-12,Annulée,18
821,Venir champ trois,2020-06-18,2023-08-23,En attente,18
822,Déclarer baisser éprouver,2021-02-02,2024-03-31,En attente,20
823,Peu beau,2024-02-19,2024-09-03,Terminée,2
824,Air donc noir rapport partie,2021-04-03,2023-09-22,En attente,10
825,Heure croire lendemain,2021-09-10,2022-05-21,Terminée,9
826,Veille valoir,2021-04-29,2023-11-09,En cours,12
827,Hésiter intérieur queue,2023-07-24,2024-02-10,Annulée,17
828,Discuter expliquer,2022-09-15,2023-11-07,En attente,15
829,Accomplir mettre fait faux élever,2021-09-28,2024-07-16,Annulée,11
830,Jeu demande jeune,2023-11-09,2024-08-06,Annulée,7
831,Choix guerre crainte journée,2022-10-17,2024-05-01,Terminée,3
832,Clair malheur sable vous,2024-05-15,2024-09-01,Annulée,11
833,Membre rapidement personne droite,2020-10-21,2024-05-21,Terminée,20
834,Appartenir avouer ce,2020-09-26,2022-03-27,Annulée,4
835,Connaissance marche,2022-10-15,2023-04-23,En cours,13
836,Avance désormais naître trop,2024-11-20,2024-12-26,Annulée,13
837,Fête mieux un,2024-11-08,2024-12-31,Terminée,19
838,Résoudre mourir,2024-01-26,2024-02-16,Annulée,16
839,Dessiner entretenir relation,2021-01-06,2021-05-19,En attente,2
840,Selon chanter être terminer,2021-04-20,2022-01-09,En attente,13
841,Roman neuf,2023-01-09,2023-09-17,Terminée,5
842,Plein relation même,2024-03-15,2024-11-15,Annulée,6
843,Forme quelque roi près,2021-09-20,2022-02-17,En cours,4
844,Dent oeil présence dégager vaincre,2022-08-18,2023-08-11,En cours,3
845,Naturel humain tandis que réclamer,2023-04-20,2023-06-21,Terminée,3
846,Crise tête double crier,2022-08-25,2022-09-20,Terminée,11
847,Lumière rue debout rêver davantage,2022-12-22,2022-12-25,Annulée,14
848,Soutenir trait hôtel,2021-04-09,2023-03-25,En cours,16
849,Tombe autrement avant plan,2022-06-04,2023-06-04,En attente,8
850,Si éteindre digne,2023-08-25,2024-04-23,En cours,5
851,Blanc recommencer,2024-02-17,2024-12-14,Annulée,16
852,Importance chemise vieux juger inventer,2020-04-15,2024-10-08,En cours,12
853,Habitant apporter bureau lueur soudain,2022-09-26,2024-08-23,Annulée,18
854,Entrer planche réflexion,2022-12-05,2024-11-24,En cours,12
855,Note chute français point,2022-12-10,2022-12-16,En attente,7
856,Accord avec vent soldat long,2020-04-27,2020-09-24,En cours,11
857,Falloir parler,2022-02-27,2025-01-06,En attente,11
858,Dessus arrière foule,2021-12-06,2022-05-31,En cours,10
859,Céder exécuter porter perdu,2023-08-16,2024-11-28,Terminée,13
860,Trésor longtemps patron,2022-06-15,2023-04-22,En cours,3
861,Grand pourquoi donc troisième,2022-01-30,2024-11-17,Terminée,1
862,Agir cheval tâche poitrine claire,2022-04-12,2022-09-09,En cours,13
863,Position sang rocher mal,2023-08-21,2024-03-20,Terminée,2
864,Fortune soudain,2024-10-19,2024-12-23,En cours,14
865,Difficile puisque,2020-01-11,2021-09-18,Annulée,17
866,Travailler vert rond quitter,2023-07-31,2024-02-26,En cours,16
867,Deviner entraîner par,2020-08-26,2023-11-05,En attente,10
868,Rose jeune plus vol,2022-08-31,2023-08-21,Terminée,14
869,Crainte remettre phrase,2020-12-05,2021-01-21,Terminée,13
870,Sous nord vous,2022-02-10,2024-05-29,En attente,7
871,Fer respecter,2021-06-05,2024-04-22,Annulée,15
872,Cou ou asseoir intéresser,2022-11-09,2023-03-05,En cours,8
873,Respect lever image obéir,2024-01-04,2024-05-20,Annulée,6
874,Trace saint derrière,2020-06-06,2023-04-04,Annulée,5
875,Valoir pensée on,2022-03-29,2022-04-22,Annulée,10
876,Quoi couper garde spectacle,2024-08-23,2025-01-30,En cours,14
877,Vêtement midi pauvre valeur,2022-11-22,2022-12-24,Terminée,11
878,Penser fumer tandis que asseoir pendant,2024-01-25,2025-01-19,En attente,8
879,Étrange centre doux chercher,2022-10-18,2024-03-30,Terminée,18
880,Allumer père composer,2020-07-17,2022-05-15,En cours,13
881,Anglais un avancer vouloir leur,2021-01-18,2021-09-30,Terminée,9
882,Pareil rapporter,2021-04-18,2022-10-02,En cours,8
883,Service envie sourire second inutile,2022-08-31,2024-10-01,En attente,5
884,Cruel musique deux succès,2024-04-12,2024-11-18,Annulée,18
885,Aussitôt huit pays dessiner coup,2024-12-09,2024-12-29,En attente,6
886,Rire puis,2023-08-13,2024-03-18,Terminée,16
887,Dessiner offrir table,2023-03-27,2024-10-13,En cours,9
888,Absolument souffrance suite chambre,2020-04-25,2022-08-07,Annulée,11
889,Vivant réunir rentrer chaud,2022-05-04,2023-08-11,Annulée,5
890,Lit abandonner foi attention,2021-05-28,2022-08-04,En attente,6
891,Retenir promettre madame,2023-01-22,2024-12-25,En attente,14
892,Le flot colère lit,2022-05-29,2022-09-15,En cours,18
893,Contraire temps compter public,2022-11-18,2023-01-02,En cours,6
894,Danser entrer recueillir vaincre,2021-09-14,2022-07-10,En attente,4
895,Particulier dire quelque user parfaitement,2022-07-18,2025-01-04,Terminée,18
896,Impossible user caractère,2021-07-02,2021-09-30,En attente,17
897,Obliger ordre courage mal oeuvre,2024-11-18,2024-12-11,Terminée,4
898,Paysan douze hasard crainte recueillir,2020-06-24,2021-04-02,En cours,16
899,Nouveau déjà user succès,2022-02-25,2023-11-15,En cours,14
900,Expression présenter besoin,2020-03-04,2024-04-02,Terminée,4
901,Savoir été branche saisir,2024-02-15,2024-08-18,Annulée,9
902,Demander but,2023-06-14,2024-01-30,Terminée,14
903,Meilleur consulter blond,2020-03-08,2024-02-05,Annulée,13
904,Village devant,2024-06-20,2024-09-26,Annulée,18
905,Demi deviner,2021-06-25,2024-07-06,En cours,9
906,Neuf souffrance très chaise,2022-12-18,2024-12-24,En attente,10
907,Prétendre sauvage instant naissance,2024-05-20,2024-06-17,En attente,10
908,Huit tête représenter,2023-05-08,2023-11-06,Annulée,4
909,Ramener oser,2021-07-18,2024-01-30,En attente,1
910,Ouvrage recueillir rester,2022-06-13,2022-09-27,En cours,15
911,Verre lieu engager,2023-08-31,2025-01-17,En attente,14
912,D'Abord impression entre,2020-01-10,2023-11-21,Terminée,3
913,Mémoire armer oeuvre terre,2022-02-12,2024-06-03,Annulée,1
914,Paupière conversation éclat tourner,2020-05-21,2023-02-14,Annulée,3
915,Souffrance étude rassurer forcer,2023-06-04,2024-01-18,En attente,15
916,Petit recherche,2022-12-29,2023-12-29,Annulée,11
917,Bataille revoir aile,2020-10-08,2023-08-22,En attente,15
918,Accepter relation respirer,2021-12-08,2023-06-09,En cours,5
919,Indiquer midi étoile événement,2024-08-11,2024-11-29,En attente,5
920,Trembler secours briller machine,2022-03-17,2024-03-19,Annulée,20
921,Famille habitude tache lumière discussion,2020-05-11,2022-09-02,En cours,15
922,Musique rappeler,2024-04-01,2024-05-20,En cours,6
923,Poche fixe comme,2022-07-08,2023-09-28,Terminée,18
924,Autre flamme sommeil,2024-12-21,2025-01-23,En attente,13
925,Juste allumer principe armer,2024-06-04,2024-08-25,En cours,10
926,As changer puissant réclamer,2021-01-20,2022-10-26,En attente,9
927,Fil occasion étendue davantage,2020-07-07,2024-10-19,Annulée,20
928,Ainsi sourire fonction,2020-12-19,2023-09-06,Annulée,14
929,Partager cou surveiller,2021-06-19,2022-09-06,Terminée,6
930,Monter soumettre debout,2023-01-20,2024-11-10,Annulée,17
931,Coucher apparaître propre,2022-06-19,2024-11-21,Annulée,14
932,Esprit souhaiter,2023-02-25,2023-06-19,Terminée,20
933,Pont exposer accent dont saint,2022-01-05,2024-01-04,En attente,9
934,Propos manger lumière rester,2020-04-20,2023-09-02,Annulée,13
935,Témoin cerveau d'autres briser,2021-10-21,2021-10-23,En cours,19
936,Continuer matière traverser dont cheveu,2023-03-19,2023-05-21,Annulée,10
937,Loup course dont vers,2023-08-16,2023-12-06,Annulée,19
938,Également nourrir puissance,2020-01-26,2023-03-23,En attente,15
939,Étoile haute sommet,2024-03-16,2025-01-11,Terminée,18
940,Bras ensemble second disposer foule,2020-11-22,2021-05-05,Annulée,11
941,Service composer jeune,2021-11-17,2023-09-06,En cours,4
942,Retourner courant maître horizon,2022-11-21,2024-05-21,En cours,5
943,Fumer religion étouffer train trembler,2023-03-23,2023-12-16,En attente,13
944,Tu faim sien cinquante,2020-12-15,2024-10-12,Annulée,15
945,Présence savoir,2024-02-11,2024-05-07,En attente,1
946,Empire traiter bon,2022-02-10,2024-07-09,Terminée,3
947,Double répéter lire,2020-10-27,2021-09-06,Annulée,1
948,Présent le,2023-09-15,2024-09-22,En cours,13
949,Garçon encore troisième étranger,2021-04-18,2021-09-16,En attente,16
950,Fortune fatiguer saluer passé,2023-02-17,2023-03-16,Terminée,3
951,Ministre prétendre aujourd'hui,2024-06-30,2024-11-18,En cours,3
952,Parole ombre seul confondre visage,2024-02-08,2024-02-23,Annulée,15
953,Professeur autorité problème président justice,2023-06-01,2024-03-25,Annulée,20
954,Ci violent,2020-08-16,2021-04-05,Annulée,7
955,Voler confondre,2022-08-22,2024-12-21,Annulée,8
956,Peu entendre,2023-07-05,2024-05-16,En attente,18
957,Puissant réflexion vert,2024-09-25,2024-10-05,En cours,9
958,Trait saint admettre,2022-02-01,2023-10-03,En attente,10
959,Pouvoir différent demande,2023-02-23,2023-05-02,Terminée,8
960,Soin attitude dans abattre,2024-04-02,2025-01-23,Terminée,16
961,Remarquer creuser ordre,2021-11-30,2023-06-14,Terminée,20
962,Satisfaire chaleur aucun sûr,2021-06-10,2023-05-07,En attente,18
963,Chant voie toile presque,2020-06-17,2021-12-27,En attente,3
964,Femme courage recevoir,2021-04-27,2023-02-16,Terminée,20
965,Manier vieux journal sentier hors,2024-02-11,2024-07-19,Annulée,6
966,Jouer aussitôt quitter longtemps changement,2021-05-03,2024-12-31,Terminée,10
967,Précéder classe retourner faire rapide,2022-01-08,2023-10-28,En attente,6
968,Retomber sentier accompagner,2023-10-11,2024-09-26,En attente,2
969,Commencer venir peau chez,2020-08-13,2023-07-04,En attente,7
970,Revoir travail pencher,2020-04-01,2022-06-20,Annulée,19
971,Règle maison vite,2024-03-20,2024-04-08,En cours,6
972,Arrivée usage,2024-11-17,2024-12-02,Terminée,6
973,Malade claire tracer semaine,2022-05-16,2023-09-05,Terminée,8
974,Frais devoir,2024-09-25,2024-10-24,Annulée,3
975,Apercevoir route revenir,2024-05-06,2024-07-21,En cours,13
976,Jeune espoir attaquer ni,2023-05-31,2024-10-06,En attente,16
977,Rendre mari voilà devenir,2022-11-10,2024-07-05,En attente,19
978,Commencer voie près résoudre fruit,2021-10-13,2024-08-06,En cours,19
979,On rompre vérité,2020-04-02,2020-07-09,Terminée,1
980,Rôle cour rien près observer,2020-06-06,2023-03-27,En cours,6
981,Société certes société gauche,2020-06-12,2021-01-09,Terminée,15
982,Réflexion employer important hier,2021-01-22,2021-10-12,Terminée,19
983,Loi causer demander muet,2024-08-22,2025-01-14,En cours,3
984,Lutte foi ignorer montrer,2022-08-13,2024-09-30,Terminée,1
985,Produire quinze dans court,2021-10-05,2024-08-07,En cours,9
986,Couler esprit,2022-03-04,2024-03-11,En attente,10
987,Seigneur que répandre rose,2024-06-26,2024-09-16,Annulée,11
988,Tout devoir prêter difficile,2023-05-26,2024-08-04,En attente,13
989,Parcourir rapporter essuyer,2021-01-12,2022-02-15,Annulée,11
990,Mari prison au accuser,2020-03-12,2020-11-21,Annulée,6
991,Vouloir jeune vêtir,2024-09-06,2024-12-06,Annulée,15
992,Père surtout,2020-02-21,2022-06-06,En attente,15
993,Placer soirée souffrance,2022-11-12,2024-07-08,Annulée,20
994,Déjà sorte éclairer,2020-11-29,2023-09-16,Annulée,18
995,Mauvais troubler clef anglais celui,2024-11-15,2025-01-25,Annulée,10
996,Sec devoir malgré animal conversation,2021-07-14,2023-06-10,En cours,17
997,Charge si guerre,2022-12-05,2024-07-25,Annulée,3
998,Désert colère reposer hier,2022-11-19,2024-07-23,Annulée,2
999,Décider hasard rang témoin son,2020-02-13,2023-03-19,Annulée,4
1000,Dimanche droit si,2020-10-18,2021-12-16,En attente,5
1001,Oser verre cinquante as valeur,2023-07-16,2024-11-27,Annulée,8
1002,Douceur remettre,2020-06-24,2023-09-17,Terminée,1
1003,Confier âgé disposer bien intéresser,2022-11-17,2024-12-09,En attente,12
1004,Plaindre surveiller égal envelopper rapidement,2022-12-27,2024-04-29,En attente,4
1005,Mais finir être,2022-04-16,2024-06-13,Terminée,6
1006,Front intelligence paupière ainsi,2021-04-23,2023-04-17,Annulée,2
1007,Toute écrire,2024-09-23,2024-12-16,En attente,14
1008,Parvenir trouver delà absence,2023-08-22,2024-12-22,Annulée,6
1009,Français blond sourire fermer,2022-05-10,2024-03-27,En attente,3
1010,Grâce suivre,2022-09-15,2024-06-01,Terminée,17
1011,Public mari écarter épais,2021-06-28,2021-08-21,Annulée,5
1012,Instant même terme,2024-11-27,2025-01-05,Terminée,13
1013,Fin cheval,2022-06-15,2023-11-27,En attente,3
1014,Compagnon accomplir,2020-07-07,2021-03-10,Annulée,12
1015,Et ancien,2024-03-20,2024-03-25,Terminée,13
1016,Contre delà partie pauvre âge,2024-02-16,2024-08-14,Terminée,2
1017,Étage poche céder âme chaîne,2021-09-18,2023-06-26,En attente,10
1018,Réfléchir coeur,2024-01-25,2024-11-16,Terminée,11
1019,Terminer voilà envie condamner rentrer,2022-12-07,2023-05-22,En cours,11
1020,Beau exemple pluie,2021-07-22,2024-07-07,En cours,5
1021,Soudain personnage,2024-08-06,2024-11-29,Terminée,14
1022,Leur travailler employer,2023-09-20,2023-10-23,En cours,16
1023,Mien entrer,2022-12-26,2024-09-03,En cours,3
1024,Précis tôt cesser réduire,2021-09-22,2022-11-09,Annulée,1
1025,Gris politique peuple,2020-05-20,2024-07-08,En attente,9
1026,Debout aide,2020-11-10,2021-05-15,En attente,11
1027,Parcourir masse occuper haut,2022-11-03,2024-04-08,Terminée,5
1028,Poste crainte soldat,2021-05-19,2022-06-14,Annulée,8
1029,Vous deviner unique parce que,2022-10-07,2024-07-19,Terminée,17
1030,Faible traîner,2022-09-17,2024-01-07,Terminée,2
1031,Figurer mouvement,2022-12-06,2024-09-18,Annulée,7
1032,Manier intérieur accompagner,2023-12-19,2024-04-20,Terminée,7
1033,Noir emporter précis corps école,2021-11-21,2022-08-13,Terminée,5
1034,Trésor cesser problème vouloir riche,2023-01-26,2024-12-27,En attente,1
1035,Enfermer comme traîner,2020-04-11,2022-02-01,Terminée,7
1036,Rapporter toi,2024-02-14,2024-11-03,En attente,10
1037,Retirer coûter,2024-05-04,2024-05-08,En attente,4
1038,Fenêtre précéder devoir,2024-11-25,2024-12-19,En attente,10
1039,Changer général jamais,2021-08-07,2023-05-17,Annulée,7
1040,Exiger particulier ouvert aimer,2022-10-23,2024-04-14,En cours,10
1041,Delà regarder devoir,2024-06-19,2025-01-03,Annulée,2
1042,Nul condition gauche,2023-12-20,2024-06-30,Annulée,5
1043,Fête si,2020-07-07,2022-10-02,Annulée,15
1044,Vouloir faible double question,2024-01-29,2024-04-24,En attente,15
1045,Avancer savoir curiosité même plein,2022-01-29,2022-03-07,En attente,11
1046,Dessus complètement oublier agir,2020-07-26,2020-08-18,En cours,11
1047,Minute champ renverser être,2023-12-30,2025-01-28,Annulée,17
1048,Reculer fumée apporter,2024-01-16,2024-06-12,En cours,1
1049,Paquet aile,2023-07-20,2024-06-10,Terminée,1
1050,Fils couler du environ,2023-09-02,2024-08-09,En cours,8
1051,Quelque possible,2024-05-29,2024-08-19,En attente,18
1052,Défendre énergie creuser,2020-04-02,2023-08-25,En cours,15
1053,Course intérieur militaire,2020-04-13,2022-11-15,Terminée,20
1054,Rideau volonté présenter second bois,2021-02-18,2021-07-12,En cours,13
1055,Fort secrétaire terre au,2024-01-30,2024-03-23,En cours,1
1056,Soirée mari,2024-10-19,2024-10-22,Annulée,8
1057,Deux tracer recueillir discours maître,2023-02-18,2023-05-08,En cours,11
1058,Père signer,2023-02-07,2024-01-13,En attente,10
1059,Créer profond forcer enfermer,2020-05-08,2021-09-08,En attente,5
1060,Sonner abandonner prononcer pain,2020-02-01,2021-01-01,Annulée,1
1061,Leur nourrir me interroger obliger,2020-05-05,2024-07-20,En attente,16
1062,Mer paupière mari signifier métier,2020-10-17,2021-05-04,En attente,15
1063,Déchirer président fait bas ensuite,2020-12-14,2023-09-20,En cours,20
1064,Suite verre,2023-10-23,2024-09-22,En cours,20
1065,Après poste vague,2020-09-24,2023-11-25,En cours,3
1066,Égal changer apparence jour travers,2022-06-11,2023-10-18,Terminée,16
1067,Détail possible repas affirmer en,2022-08-26,2023-01-12,Terminée,11
1068,Montagne un défaut sac il,2023-12-11,2024-04-04,Annulée,8
1069,Découvrir aide trou grand,2021-10-24,2024-01-19,Terminée,13
1070,Importer pourquoi après personne,2020-01-08,2021-07-07,Terminée,6
1071,Endroit humain mensonge impression,2024-06-01,2024-10-16,Annulée,16
1072,Compagnie annoncer bas marché soldat,2023-11-26,2024-11-18,Annulée,9
1073,Sept nuage retrouver pensée,2022-12-23,2023-02-06,En cours,9
1074,Conduire étaler revoir suite vite,2021-03-29,2023-07-31,Annulée,9
1075,Douter l'une,2022-05-25,2024-07-10,Annulée,3
1076,Beauté empêcher éprouver vieux doute,2023-09-12,2023-10-06,Annulée,13
1077,Aide soulever,2022-01-01,2024-01-31,En attente,17
1078,Mode encore,2021-04-08,2021-10-03,Terminée,4
1079,Banc expliquer,2022-08-16,2023-06-02,Terminée,20
1080,Nommer crier,2020-11-24,2022-07-11,En cours,3
1081,Noir si religion,2022-04-21,2023-04-04,Terminée,17
1082,Oublier garçon public,2023-04-23,2024-12-08,Terminée,3
1083,Milieu âge habiter souvenir colère,2022-07-19,2022-10-26,Terminée,7
1084,Santé servir capable promener,2022-09-22,2024-03-16,Terminée,14
1085,De tellement froid prévenir fin,2023-07-29,2023-10-03,En attente,19
1086,Bonheur vide maintenant,2024-09-06,2024-10-26,En cours,13
1087,Passion apprendre disparaître résultat,2022-06-19,2023-12-17,En attente,8
1088,Beauté se,2020-10-16,2021-12-12,Terminée,1
1089,Mur art mettre approcher chasse,2023-03-21,2023-07-04,Terminée,17
1090,Fin entier garde famille d'autres,2024-12-25,2025-01-30,En attente,9
1091,Journal ce coucher autorité,2021-10-06,2021-10-27,Annulée,8
1092,Lequel beauté,2021-04-16,2025-01-09,En cours,7
1093,Trop pendre poésie retomber rose,2024-09-19,2024-12-09,En attente,15
1094,Taille plaire danger plusieurs profiter,2020-12-25,2021-07-19,En cours,6
1095,Figure relever peu quelque,2022-03-06,2024-12-24,En attente,12
1096,Ensemble joie crise haïr,2022-01-28,2022-12-26,En cours,7
1097,Leur consentir intéresser répéter,2021-07-22,2022-01-02,Annulée,16
1098,Avoir eaux,2022-10-30,2023-07-23,Terminée,6
1099,Crainte mur bas,2024-08-06,2024-11-24,En attente,20
1100,Bien dominer ainsi,2022-06-24,2022-08-31,En cours,9
1101,Table gros,2024-10-05,2024-10-27,En attente,18
1102,Préparer sauter étudier quart,2022-03-29,2024-09-05,Terminée,1
1103,Davantage même,2021-10-31,2023-03-22,Annulée,3
1104,Disposer ressembler,2023-05-06,2023-08-25,En attente,17
1105,Devant mauvais général,2022-01-04,2023-10-03,En attente,11
1106,Force fatigue mêler doucement,2023-03-16,2023-10-09,Terminée,8
1107,Paquet non près paix,2021-04-08,2024-05-08,En cours,11
1108,Faux droite demander peur,2021-12-26,2022-11-22,Annulée,15
1109,Début entourer or,2022-08-17,2024-02-02,En attente,3
1110,Conclure devant pleurer,2022-01-02,2023-11-29,Annulée,2
1111,Ramasser île descendre sourire dame,2020-06-11,2023-04-23,Terminée,4
1112,Cas seuil,2021-02-09,2023-04-23,En cours,10
1113,Soumettre nature respecter taire,2024-04-19,2025-01-28,Terminée,14
1114,Arbre beaux vers,2022-08-29,2023-01-25,Terminée,7
1115,Réunir oiseau autre lien,2020-02-23,2022-03-17,En cours,11
1116,Instinct quand justice sembler résoudre,2023-06-19,2024-01-04,Terminée,6
1117,Sentiment anglais eau,2023-07-20,2024-01-24,En attente,8
1118,Cinq clair sien manquer,2021-08-11,2024-08-23,En cours,17
1119,Pareil mort émotion assister,2022-04-11,2022-09-10,Annulée,11
1120,Couche corde,2022-11-05,2024-01-06,Annulée,10
1121,Supposer de madame sourire direction,2023-03-14,2023-11-18,Terminée,19
1122,Fond reprendre intention,2023-01-31,2023-05-13,En cours,17
1123,Sou donc,2024-11-18,2024-11-27,Annulée,6
1124,Ministre former avec obéir plan,2020-11-11,2021-08-09,Annulée,5
1125,Force pareil pourtant véritable,2020-07-31,2021-12-12,Annulée,12
1126,Rayon fin mois,2024-03-15,2024-07-18,En cours,6
1127,Le prochain avec écouter,2020-04-12,2022-12-15,Terminée,1
1128,Adresser peur portier,2021-04-06,2021-10-13,Terminée,6
1129,Remonter an,2020-05-07,2021-07-16,Annulée,19
1130,Tenter sourire source presque,2021-07-05,2023-07-08,Terminée,4
1131,Coucher fumer discussion ceci,2021-12-22,2022-05-15,Annulée,9
1132,Propos contraire repas glisser lettre,2024-08-27,2025-01-27,Terminée,11
1133,Mince mauvais lendemain,2024-12-20,2025-01-25,Annulée,17
1134,Embrasser neuf,2021-03-11,2023-06-25,Annulée,8
1135,Français trouver froid décrire seul,2023-10-17,2024-11-28,Terminée,18
1136,Facile fou vin,2020-12-09,2022-07-07,Terminée,4
1137,Temps davantage,2024-09-11,2024-12-06,Terminée,9
1138,Respect attention parole voler,2023-02-12,2023-02-23,En attente,19
1139,Mesure arrêter couleur,2022-08-06,2023-12-23,En attente,15
1140,Circonstance sentir rayon voisin,2021-04-03,2024-07-02,En cours,10
1141,Rêver prononcer demande,2022-03-26,2022-08-23,En cours,1
1142,Réveiller pièce silencieux moindre effet,2020-03-27,2020-09-08,Annulée,18
1143,Réunir silence nul habiller,2024-03-08,2024-12-23,Annulée,2
1144,Soleil veille donc,2024-05-15,2024-10-09,Annulée,11
1145,Fer queue chant jeune beaucoup,2024-02-20,2024-12-23,Terminée,6
1146,Mémoire briser craindre former,2021-08-28,2024-05-14,Annulée,18
1147,Ignorer solitude doute secrétaire soi,2022-06-08,2024-04-08,En attente,3
1148,Depuis recommencer pauvre trop,2022-08-18,2024-12-22,Annulée,16
1149,Sentiment or ton davantage,2024-07-18,2024-12-06,En attente,5
1150,Rocher rideau,2021-01-13,2023-02-21,Terminée,19
1151,Indiquer entre comment,2020-04-06,2022-03-11,En cours,3
1152,Grandir puis lourd oncle,2022-07-08,2022-09-16,Terminée,10
1153,Officier parvenir présent,2022-10-15,2024-09-10,Annulée,11
1154,Armer interrompre pauvre tempête promener,2024-06-06,2024-10-27,Terminée,18
1155,Véritable coin jardin,2023-05-29,2024-12-14,En attente,4
1156,Y réunir rêve bout art,2024-01-07,2024-09-01,En cours,14
1157,Prix aujourd'hui y,2020-05-24,2020-08-17,En cours,19
1158,Paupière écarter mériter,2020-10-11,2023-10-18,Annulée,17
1159,Accuser petit apparaître,2020-10-02,2023-04-19,En attente,18
1160,Important discussion,2024-08-08,2025-01-02,En cours,16
1161,Solitude usage chacun besoin,2020-05-31,2023-02-16,Annulée,6
1162,Vêtir joue respirer,2024-03-17,2024-03-28,En cours,8
1163,Ah quand poursuivre forêt,2023-03-03,2023-08-26,En cours,2
1164,Respecter supporter,2022-08-09,2023-10-01,Annulée,7
1165,Bras foule événement baisser,2023-05-24,2024-03-13,En cours,13
1166,Chose possible ligne affaire,2022-07-01,2022-07-18,Annulée,13
1167,Quant À long,2024-07-26,2024-12-31,En cours,3
1168,Tellement ciel puissance intention durer,2023-08-01,2025-01-21,En attente,10
1169,Commencer dame fusil où,2022-05-16,2023-09-18,Annulée,3
1170,Honte gauche machine très fortune,2020-06-14,2024-03-16,En attente,6
1171,Plein curieux lueur disposer grand,2020-02-16,2022-08-19,Annulée,3
1172,Instant suivre répéter,2023-01-16,2023-11-14,En cours,1
1173,Montrer jardin pauvre choisir,2021-06-01,2024-03-16,Terminée,2
1174,Gris inquiéter miser,2022-09-11,2022-09-15,Terminée,8
1175,Naître animer tant,2020-11-13,2021-02-27,En cours,17
1176,Pensée avec fête,2020-05-12,2021-04-09,En attente,16
1177,Inquiétude te détacher loin mur,2024-05-16,2024-06-13,En attente,2
1178,Malade malade dessiner,2024-11-05,2024-11-05,Terminée,2
1179,Justice dehors étoile certain,2023-12-30,2024-11-28,Terminée,5
1180,Vieux intérêt,2024-01-08,2024-06-06,Annulée,13
1181,Connaissance idée sol,2020-05-11,2022-06-24,Annulée,4
1182,Souhaiter voisin imposer,2021-07-10,2022-07-02,Terminée,17
1183,Grâce arriver fois moment,2021-05-10,2022-06-01,Terminée,17
1184,Nécessaire de matière,2023-10-12,2024-05-29,Annulée,20
1185,Nouveau aile parole autour,2022-03-31,2023-11-18,En cours,13
1186,Quatre jeunesse feuille,2023-04-09,2024-08-14,En attente,18
1187,Préférer objet éviter titre,2022-08-03,2023-11-02,En cours,7
1188,Succès assister,2024-12-24,2025-01-12,Terminée,1
1189,Pierre rouler comment remarquer,2020-02-06,2020-07-15,En attente,16
1190,Certainement art,2023-11-19,2023-11-24,En cours,3
1191,Eh usage charge défendre,2020-11-22,2021-06-23,Annulée,17
1192,Théâtre devoir,2022-05-31,2022-12-21,Annulée,3
1193,Naître pauvre bon,2021-04-04,2023-01-11,En attente,9
1194,Compagnon chambre note expérience,2023-11-24,2024-11-20,En cours,16
1195,Mer dos,2022-07-24,2024-10-20,En cours,9
1196,Journal écrire importer,2022-07-28,2024-03-16,Terminée,5
1197,Nombreux joli apercevoir,2020-12-07,2021-10-14,Annulée,12
1198,Étage habitude large suite,2023-12-02,2024-03-16,En cours,12
1199,Larme comme homme,2024-11-29,2025-01-02,Terminée,11
1200,Fumée esprit mien premier l'une,2021-03-10,2022-07-16,En cours,3
1201,Par usage petit prouver,2021-04-08,2021-07-02,Annulée,5
1202,Te heureux,2024-10-05,2025-01-20,Terminée,17
1203,Vendre bord quinze humide pouvoir,2020-02-27,2023-12-04,En attente,5
1204,Heure juste cheval,2021-09-01,2024-03-27,En cours,8
1205,Gloire ouvert plaindre difficile mien,2024-11-26,2024-12-08,Terminée,15
1206,Question ciel fil,2022-01-27,2024-04-09,Annulée,18
1207,Dehors jeu arriver contraire danger,2020-05-27,2023-06-11,Terminée,3
1208,Trembler rapide science croire,2024-11-12,2024-12-30,Annulée,11
1209,Trop immense demande changement,2023-09-03,2024-11-11,Terminée,13
1210,Couleur étroit,2024-01-19,2024-11-02,En cours,10
1211,Moindre toute distinguer,2024-04-26,2024-12-02,En attente,2
1212,Magnifique continuer noire triste,2022-11-03,2023-12-11,En attente,17
1213,Accepter occasion,2022-04-25,2023-02-17,Annulée,4
1214,Bois avancer exposer même tour,2020-03-29,2020-11-26,Terminée,2
1215,Pourtant voisin,2021-04-14,2023-03-23,En cours,20
1216,Juger atteindre fruit,2022-03-06,2022-04-17,Annulée,8
1217,Rappeler saluer,2021-02-15,2024-07-08,En attente,19
1218,Tâche corps chambre avancer tenir,2023-09-13,2024-03-10,Annulée,12
1219,Amener étude malheur traîner leur,2024-11-24,2025-01-05,En attente,5
1220,Aller mois lèvre,2024-04-05,2024-08-09,En cours,20
1221,Absolument long content goût,2021-04-29,2021-07-10,Terminée,10
1222,Traiter de d'autres chute absolument,2022-09-01,2024-02-10,En attente,17
1223,Toi répéter inutile,2020-10-04,2023-06-07,Terminée,7
1224,Rappeler avec rang briller planche,2020-04-28,2020-07-30,En attente,17
1225,Neuf savoir cour sommeil partir,2024-09-25,2024-09-30,En cours,12
1226,Prière figure mari répandre monsieur,2020-10-16,2024-08-25,En cours,10
1227,Liberté respirer sommet abri,2022-12-05,2023-10-20,Terminée,15
1228,Parcourir public robe lisser,2023-12-31,2024-10-16,Terminée,13
1229,Haut système,2024-05-21,2024-07-29,Annulée,4
1230,Lui exécuter taire partie,2024-07-05,2024-11-18,En attente,19
1231,Relation violent entraîner aussitôt,2022-06-13,2023-11-02,En cours,18
1232,Avec glace quatre,2022-03-07,2023-06-24,En cours,19
1233,Pouvoir mouvement conduire paraître,2024-10-07,2025-01-13,En cours,9
1234,Fois glace encore,2021-02-26,2022-09-22,En cours,6
1235,Écarter danser voisin intention,2024-06-07,2025-01-14,En cours,6
1236,Tendre marche matière cours,2024-05-09,2024-07-04,Terminée,5
1237,Drôle mal effort apparence mémoire,2021-12-01,2023-05-02,Annulée,18
1238,Échapper étranger figurer désigner voir,2023-10-01,2024-04-19,Annulée,7
1239,Personne simplement plaine,2023-12-10,2024-09-01,Terminée,12
1240,Naturel former enfant,2021-04-17,2024-02-29,En cours,11
1241,Quarante d'autres,2024-01-09,2024-02-21,En cours,8
1242,Trésor dent conseil pensée,2022-08-12,2023-03-08,Annulée,4
1243,Chaîne faible voisin,2020-06-30,2021-03-06,En attente,2
1244,Ça reconnaître coûter tâche franc,2022-09-22,2022-10-06,En cours,6
1245,Dessiner davantage parcourir,2021-12-17,2022-07-10,Terminée,12
1246,Esprit gauche français,2021-06-18,2024-07-14,En cours,14
1247,Environ supporter ouvrir coeur garde,2020-03-06,2024-09-14,En attente,14
1248,Dire main,2022-09-19,2022-11-27,En cours,16
1249,Libre lutter fine,2024-08-20,2024-11-19,En attente,14
1250,Compagnon crainte roche parent,2020-03-16,2020-04-04,Terminée,7
1251,Que frapper,2022-11-20,2024-01-22,Annulée,15
1252,Soir événement fil condamner,2021-05-20,2022-07-25,Annulée,9
1253,Droite vide apercevoir,2021-07-25,2022-04-19,En cours,12
1254,Voler répondre circonstance,2020-10-19,2021-04-12,Terminée,3
1255,Claire curiosité important,2024-10-25,2024-11-07,Terminée,2
1256,Disparaître brûler tel d'abord,2023-01-03,2023-10-24,En cours,10
1257,Diriger celui,2020-02-09,2024-12-30,Annulée,16
1258,Nombre idée vaste durer,2022-03-24,2023-01-09,Terminée,5
1259,Pénétrer joindre paysan conclure,2024-03-21,2024-04-16,En attente,8
1260,Métier joie appartement trois,2020-08-28,2021-02-22,Terminée,2
1261,Vaste traiter personne,2022-10-23,2023-01-23,Annulée,18
1262,Votre espoir sourire fenêtre,2022-03-03,2022-06-03,En cours,15
1263,Droit titre,2022-10-23,2024-07-03,Annulée,17
1264,Dire engager,2023-04-16,2023-12-17,En cours,15
1265,Désir silence tracer trois,2023-11-22,2024-01-11,Terminée,9
1266,Idée disposer éternel serrer,2024-09-21,2024-12-22,En attente,16
1267,Entrée rose huit importance agiter,2024-07-12,2024-10-19,En cours,6
1268,Doucement essuyer,2021-02-04,2023-09-02,En attente,9
1269,Raconter hors durant sauver portier,2020-05-12,2021-09-04,En cours,16
1270,Je celui rester,2020-06-13,2022-07-08,En cours,4
1271,Croire briller endormir,2020-05-19,2021-05-28,En cours,4
1272,Impossible vite soit même,2020-12-05,2022-06-27,En cours,7
1273,Monter près pourquoi dix,2021-11-10,2024-02-01,Annulée,1
1274,Un respecter non confondre preuve,2024-05-26,2024-11-12,En attente,10
1275,Rapporter signifier confier gouvernement,2023-12-25,2024-03-16,En attente,20
1276,Étouffer livre reposer machine hauteur,2020-01-21,2024-02-17,En attente,17
1277,Étude malheur chaise,2024-02-25,2024-03-04,En cours,9
1278,Prétendre dos cuisine respecter,2024-02-04,2024-07-27,Terminée,7
1279,Commencer journée,2021-06-03,2024-03-30,Terminée,18
1280,Trésor article histoire lever prochain,2022-08-05,2023-06-20,Terminée,4
1281,Froid docteur,2022-07-26,2022-10-23,En cours,10
1282,Terre petit,2022-04-21,2024-08-29,En attente,19
1283,Époque calmer folie cruel,2024-02-23,2024-11-24,Annulée,15
1284,Sonner blond,2021-08-25,2022-11-20,En attente,19
1285,Voisin menacer bruit son approcher,2020-07-11,2024-09-05,Terminée,5
1286,Beau dimanche dire,2021-01-09,2025-01-28,Terminée,17
1287,Désormais surveiller billet recevoir,2023-11-14,2024-09-30,En attente,20
1288,Accorder avec satisfaire lueur commander,2020-10-22,2023-02-04,Annulée,4
1289,Tard acheter vide,2022-12-11,2024-01-23,Annulée,17
1290,Coucher le bon,2024-09-03,2024-10-11,En attente,20
1291,Accepter rendre essayer salut,2023-07-31,2024-10-15,En cours,14
1292,Victime morceau foi quelqu'un,2023-06-04,2024-08-20,En attente,9
1293,Fleur sûr vieillard plein,2021-12-19,2022-03-06,En cours,11
1294,Beaucoup mot attacher,2024-09-29,2024-11-23,En cours,8
1295,Premier chanter attendre,2023-09-07,2023-11-25,Terminée,7
1296,Poésie finir retrouver,2020-08-15,2024-09-04,Annulée,11
1297,Forcer lutte obtenir,2024-10-25,2024-12-18,En cours,11
1298,Bonheur flot personnage prix,2021-09-20,2022-06-29,En attente,15
1299,Malade saint interroger militaire,2020-06-09,2024-11-07,En cours,13
1300,Renverser complet,2021-05-17,2022-11-26,Annulée,16
1301,Appartement main port,2023-10-18,2024-10-01,En attente,2
1302,Affaire ensemble,2020-10-18,2023-07-28,Terminée,5
1303,Autrefois huit,2021-09-19,2023-04-28,En attente,18
1304,Être nouveau etc,2020-05-04,2023-10-16,Terminée,14
1305,Commander malgré machine tendre,2023-09-28,2023-11-12,En attente,9
1306,Fruit côte,2024-08-17,2025-01-20,Terminée,17
1307,Avis ainsi aussi professeur,2022-03-13,2023-07-16,En attente,18
1308,Parce Que feu diriger chair,2024-04-14,2024-06-16,En attente,13
1309,Arrière même vérité,2020-11-29,2023-10-31,Annulée,18
1310,Nouveau verser avant gauche,2024-06-03,2024-06-12,En attente,18
1311,Ensuite siècle pain,2023-03-28,2024-12-12,En attente,20
1312,Français distance,2020-01-27,2024-10-15,En attente,13
1313,Sueur marche éternel emmener,2023-12-08,2024-01-04,Annulée,18
1314,Médecin nom grand gauche,2021-09-23,2022-03-19,En cours,12
1315,Contenir règle mener,2023-09-08,2025-01-21,En attente,1
1316,Savoir diriger sans hors,2023-10-15,2025-01-22,En attente,19
1317,Mari signer,2023-01-20,2024-04-20,Terminée,1
1318,Intérieur aider peser,2022-03-27,2024-10-03,Annulée,10
1319,Silencieux que si fruit,2021-12-05,2024-05-20,Terminée,14
1320,Parfaitement penser renoncer herbe condamner,2022-05-02,2024-04-24,En attente,15
1321,Croiser un autour,2024-04-12,2024-07-31,Terminée,12
1322,Vin rapporter descendre,2022-08-18,2024-10-15,En cours,8
1323,Bande matière,2021-11-24,2022-12-27,Annulée,5
1324,Faux avis,2022-08-11,2024-04-13,En attente,12
1325,Étranger jeune toit,2022-03-29,2022-10-09,Annulée,8
1326,Semaine prêt même écraser d'abord,2021-09-29,2021-11-30,En cours,3
1327,Corde ville agir,2024-02-05,2024-10-20,Terminée,4
1328,Apprendre trente,2021-06-23,2022-03-27,Terminée,4
1329,Entraîner poste contenter personne,2024-11-25,2025-01-30,Annulée,18
1330,Hésiter savoir chaque même charge,2024-09-28,2024-10-09,En attente,8
1331,Autant main lever,2021-03-24,2021-08-20,En cours,20
1332,Engager moyen demander,2023-10-30,2024-06-18,Terminée,3
1333,Plaire aller garçon marier,2021-04-19,2024-12-12,Annulée,7
1334,Fine trembler jambe,2020-12-06,2021-05-07,Terminée,13
1335,Soi froid découvrir humide avec,2020-03-03,2020-11-27,Terminée,16
1336,Pas retrouver fil vaste,2020-09-07,2022-10-24,En cours,7
1337,Lutter chair quitter obéir miser,2020-02-13,2022-05-25,En cours,3
1338,Religion plusieurs avec condamner,2023-05-01,2024-05-14,Terminée,7
1339,Musique au répéter ferme,2022-04-20,2022-08-16,Annulée,1
1340,Grandir dont départ vivant,2023-07-29,2024-02-12,Annulée,11
1341,Tranquille tout loin parole,2023-10-17,2024-10-22,En cours,10
1342,Beau repousser professeur,2023-08-23,2024-04-17,En attente,14
1343,Public vue,2022-03-03,2024-04-28,Terminée,14
1344,Embrasser votre hésiter tâche tromper,2020-11-14,2020-12-31,En attente,17
1345,Hiver miser dent échapper fortune,2024-10-26,2024-12-16,Terminée,14
1346,Portier votre cent,2021-07-22,2024-05-21,En attente,3
1347,Étendue ton tard quel tracer,2021-03-11,2024-01-08,Terminée,3
1348,Lueur en figurer,2020-10-13,2022-10-12,En cours,17
1349,Plaine calme ensuite tracer,2023-12-21,2024-04-08,Terminée,18
1350,Expérience nouveau souffrir,2024-09-27,2024-12-09,Terminée,10
1351,Avec abandonner carte,2022-06-22,2024-09-24,Annulée,14
1352,Relever lentement etc,2021-07-17,2023-05-10,Terminée,16
1353,Étoile marier mot sourd erreur,2023-08-10,2024-02-13,Terminée,19
1354,Cela fonction briser,2020-07-04,2023-09-21,En attente,15
1355,Point âgé aider âge énergie,2021-06-16,2022-07-17,Annulée,2
1356,Fin embrasser seigneur armer professeur,2024-11-14,2025-01-22,Annulée,2
1357,Lourd inviter femme geste dresser,2023-06-03,2023-10-27,En cours,9
1358,Combien tout un,2020-12-21,2022-10-25,En cours,16
1359,Rappeler quatre rappeler étage derrière,2023-06-18,2024-03-11,Terminée,4
1360,Vêtir ça nuage,2023-11-22,2024-02-29,Terminée,1
1361,Calme changer sujet professeur,2020-06-06,2024-01-15,En attente,12
1362,Petit désirer bientôt compagnie,2022-12-03,2024-08-03,En cours,18
1363,Défendre aventure prêter,2023-12-05,2024-02-09,Terminée,9
1364,Passage transformer trente vêtir,2021-07-19,2023-05-24,Annulée,10
1365,Trente paysan prendre fauteuil somme,2021-06-10,2024-09-21,En cours,1
1366,Habitant saluer,2023-06-24,2023-10-14,En cours,13
1367,Argent large fidèle paix,2022-06-24,2025-01-01,En cours,17
1368,Briser chien toi remplir prison,2024-08-20,2024-08-31,Terminée,7
1369,Celui résultat politique,2020-03-31,2020-07-31,En attente,20
1370,Franc parent croiser moins prononcer,2020-03-07,2024-01-06,Annulée,11
1371,Trop avis coucher dernier,2020-04-02,2024-04-25,Terminée,6
1372,Partir composer moyen attaquer comprendre,2021-02-24,2022-04-20,En attente,6
1373,Famille quand saluer toute,2023-02-02,2024-01-15,En attente,19
1374,Complet distinguer,2020-02-19,2024-02-18,Terminée,18
1375,Construire plan couche,2020-02-20,2021-11-17,Terminée,17
1376,Fidèle colline toujours,2021-05-31,2023-08-23,Annulée,3
1377,Ton compte haut semaine,2024-01-23,2024-07-22,Terminée,12
1378,Moitié habitude saluer,2022-04-04,2024-08-14,En cours,19
1379,Crise premier humide dur,2021-11-14,2024-06-03,Annulée,3
1380,Former remplacer officier oeil personne,2023-06-22,2024-11-14,En cours,12
1381,Connaissance voiture rejeter accepter,2024-01-26,2024-12-14,En attente,6
1382,Paix saison patron coin,2020-12-09,2023-12-04,Annulée,13
1383,Profondément important,2020-09-01,2020-10-20,En attente,7
1384,Science sur essuyer,2022-02-04,2022-11-24,En attente,17
1385,Plante demi vue chiffre,2023-04-25,2024-10-22,Annulée,13
1386,Verser rapport brusquement,2022-11-18,2022-12-21,Annulée,19
1387,Intérieur rocher général ville,2022-09-24,2024-02-01,En attente,14
1388,Agent sauter petit,2021-05-05,2024-10-23,En cours,16
1389,Jamais sueur,2023-09-19,2024-07-10,Terminée,5
1390,Attitude dent ainsi rêver suivre,2021-01-30,2024-02-28,En attente,17
1391,Supporter direction dehors beaucoup,2020-08-15,2024-04-13,En attente,1
1392,Trace cour obéir usage devenir,2023-05-26,2023-12-29,Terminée,17
1393,Quitter son,2023-12-26,2024-02-16,Terminée,12
1394,Promener fatiguer,2020-12-05,2024-01-11,Annulée,7
1395,Mort énergie réalité bord,2023-07-22,2024-11-21,Annulée,15
1396,Voiture âgé autre passer lien,2024-04-20,2024-08-18,Annulée,18
1397,Glace âge,2024-11-12,2024-12-24,Terminée,2
1398,Aspect armée remplir éclater événement,2024-12-24,2025-01-04,Annulée,4
1399,Avec prêt lèvre ci,2023-10-06,2024-09-30,Terminée,12
1400,Justice midi aider,2023-05-15,2024-12-21,En attente,3
1401,Cause cent,2020-07-30,2021-05-03,Annulée,8
1402,Réclamer ça supérieur dame emporter,2020-06-19,2023-09-17,En attente,16
1403,Mode rose,2021-02-15,2024-09-15,Terminée,18
1404,Six magnifique comprendre,2021-12-21,2024-04-12,Annulée,16
1405,Social muet,2023-05-13,2024-06-01,Terminée,5
1406,Donner appeler lendemain représenter enfin,2022-11-20,2024-11-20,Annulée,6
1407,Il garder fixe appel,2022-07-14,2022-12-04,Terminée,14
1408,Fille joindre savoir chemin,2023-09-11,2024-02-16,En attente,9
1409,École surveiller politique simple compagnie,2024-10-03,2024-12-30,Terminée,4
1410,Français rose,2020-06-22,2022-04-15,En cours,4
1411,Depuis demain particulier salle,2024-06-06,2024-07-07,En attente,13
1412,Yeux particulier moitié chair,2022-09-19,2024-12-29,Terminée,14
1413,Place écraser couche,2020-10-18,2022-12-18,En cours,11
1414,Besoin du lisser obéir,2020-04-16,2024-05-02,En attente,8
1415,Puis avouer ensemble,2022-12-11,2024-05-01,Annulée,6
1416,Aussi hors meilleur gens,2023-04-12,2024-12-26,Annulée,10
1417,Rouge plein,2021-10-13,2022-09-06,Terminée,15
1418,Saisir ressembler poésie chef espèce,2022-10-14,2023-03-23,En attente,20
1419,Voile nation colère serrer digne,2021-09-12,2023-11-25,Terminée,10
1420,Épais recommencer éclater,2022-11-18,2023-03-05,Annulée,15
1421,Poussière divers,2022-01-10,2022-01-25,Annulée,15
1422,Chez agir empêcher quand,2022-04-10,2023-06-16,Annulée,2
1423,Claire prière cesser,2024-04-21,2024-10-21,En attente,5
1424,En neuf,2023-07-13,2024-06-29,Terminée,8
1425,Mesure descendre premier,2022-06-13,2024-07-01,En attente,16
1426,Étroit plusieurs année,2023-07-01,2023-08-27,En attente,11
1427,Ferme éteindre éclater écrire,2021-03-21,2021-11-10,En attente,11
1428,Carte diriger race enfin,2021-04-07,2023-08-10,En cours,20
1429,Émotion oreille précipiter on,2020-04-03,2021-07-15,Annulée,4
1430,Chute maison médecin,2022-06-08,2023-12-14,En attente,2
1431,Obliger lever réponse grave,2020-07-04,2023-06-26,En cours,8
1432,Quinze justice,2021-09-30,2024-12-09,En cours,15
1433,Quel seuil nu fil,2021-11-04,2025-01-23,Annulée,15
1434,Maintenir étaler soir,2021-12-25,2024-04-28,En cours,15
1435,Mourir découvrir,2023-02-27,2024-04-02,En cours,20
1436,Terre ne,2023-03-08,2024-01-06,Annulée,5
1437,Rouler sien interroger désert,2020-12-02,2022-12-27,En attente,6
1438,Moi grâce groupe chaise,2023-01-03,2023-01-07,Annulée,10
1439,Politique façon,2022-08-29,2024-08-31,Terminée,2
1440,Genou fermer vif marcher,2020-02-28,2020-04-13,Annulée,7
1441,Haut gros abandonner caractère,2022-11-04,2023-09-27,Annulée,13
1442,On menacer réclamer,2022-09-30,2025-01-27,En cours,17
1443,Parti adresser causer dominer sang,2022-07-10,2024-10-21,En cours,9
1444,Tendre particulier reprendre goutte,2020-06-30,2025-01-18,Annulée,6
1445,Chasser ensemble nord,2023-05-29,2024-07-04,Annulée,13
1446,Geste verser rose argent propos,2023-02-23,2024-11-20,Terminée,11
1447,Alors malgré,2021-12-08,2024-12-15,En cours,18
1448,Plaisir bientôt intéresser détail,2020-11-22,2024-08-23,Terminée,18
1449,Faveur donc lune tranquille classe,2022-10-09,2024-04-22,En attente,1
1450,Chambre imaginer accuser,2024-03-09,2024-06-04,Terminée,16
1451,Oh mon argent banc,2022-09-23,2024-07-20,Terminée,11
1452,Gauche ouvrage,2022-03-26,2022-05-20,Annulée,3
1453,Voie promener,2020-06-12,2022-03-11,Annulée,7
1454,Interroger impression sans,2022-01-14,2022-12-29,Annulée,8
1455,Voisin montagne,2023-03-06,2024-07-01,En cours,2
1456,Commencement journal science pitié,2022-08-07,2024-01-10,Annulée,9
1457,Femme tandis que atteindre,2021-05-22,2024-09-27,En cours,12
1458,Hôtel depuis,2022-09-21,2025-01-20,Annulée,19
1459,Traverser intérêt céder prière,2020-10-07,2021-12-20,En attente,2
1460,Système exécuter voyage,2022-05-27,2023-06-06,Terminée,9
1461,Simple âgé accepter cesse,2023-09-08,2024-10-18,En cours,17
1462,Milieu facile afin de toujours,2021-05-15,2021-07-21,Annulée,20
1463,Voyager remarquer veille général autrement,2024-11-09,2025-01-08,En cours,13
1464,Rayon sauter traîner,2020-09-16,2022-04-01,En cours,16
1465,Vaste arriver,2024-06-15,2024-12-20,En cours,12
1466,Boire habitude vivant jeune,2021-06-21,2023-01-15,En cours,13
1467,Nature tôt mari grand,2021-03-04,2024-05-03,En attente,13
1468,Décrire certain lendemain servir,2023-12-18,2024-11-19,Terminée,4
1469,Remplacer rose charge aimer,2021-07-18,2021-08-31,Annulée,10
1470,Toute ombre amour,2020-07-16,2021-12-14,Terminée,3
1471,Moitié absence marquer,2024-03-16,2025-01-05,Annulée,6
1472,Seconde vrai haine envelopper malheur,2022-04-13,2023-02-12,En cours,20
1473,Nuit passé passé réussir cher,2023-08-18,2024-03-10,Annulée,9
1474,Mille choix tromper ensuite,2023-06-02,2023-07-31,En cours,5
1475,Comme rapporter accomplir sembler aujourd'hui,2023-08-09,2023-11-02,Annulée,7
1476,Art tête difficile accent complètement,2022-07-24,2025-01-03,En cours,7
1477,Décrire remonter,2023-11-03,2025-01-22,En cours,16
1478,Fier poids oh,2023-01-01,2023-10-21,Annulée,7
1479,Vieux digne,2023-10-14,2024-03-14,Terminée,10
1480,Bon toucher souffrance,2022-01-07,2024-09-25,Annulée,16
1481,Dame fine palais comment sujet,2023-04-09,2023-07-05,En cours,9
1482,Chute voler parcourir théâtre,2024-04-29,2024-11-08,En cours,6
1483,Adresser promettre particulier oh monde,2020-11-22,2023-03-17,En attente,16
1484,Grandir puisque te,2021-11-27,2023-01-18,Annulée,20
1485,Manquer nombreux partout promener recommencer,2020-03-25,2023-12-09,En cours,15
1486,Retomber déchirer rejeter,2024-05-26,2025-01-25,Annulée,20
1487,Étudier armée source,2023-05-25,2023-09-20,En cours,13
1488,Pourquoi général très cinquante,2023-05-29,2024-03-08,En attente,11
1489,Moi confondre gloire,2023-07-16,2024-09-06,En attente,3
1490,Cela ouvert disparaître visible,2020-10-22,2023-03-22,En cours,15
1491,Juger jusque supposer pluie,2020-06-23,2024-01-11,Terminée,8
1492,Sans tromper supérieur signe,2022-04-24,2022-10-10,Terminée,4
1493,Spectacle imposer,2024-04-27,2024-11-12,En attente,19
1494,Lune endormir,2023-12-15,2023-12-27,En cours,16
1495,Objet partager passé,2024-01-05,2024-02-06,En cours,4
1496,Rêve l'une court,2023-03-21,2024-09-22,En attente,10
1497,Choisir parvenir veille attention,2022-04-13,2022-12-25,Terminée,14
1498,Foule dormir,2020-10-28,2021-10-08,En cours,6
1499,Souvent traverser servir venir tu,2023-06-11,2023-07-26,Annulée,16
1500,Forcer joue fond épaule affaire,2023-09-10,2024-01-19,En attente,16
1501,Puissance repousser plaindre,2020-04-04,2024-08-19,Terminée,3
1502,Rouge à nation imaginer,2020-06-08,2022-01-23,En attente,7
1503,Vieux cruel prison rappeler froid,2020-04-29,2020-08-26,Annulée,13
1504,Mur remercier,2023-09-27,2023-12-01,En cours,13
1505,Mot village,2020-10-29,2024-05-01,Annulée,3
1506,Avenir instant ministre,2021-06-25,2022-01-20,En cours,6
1507,Fusil rare secret,2024-11-15,2025-01-30,Terminée,2
1508,Être absolument paraître droite,2024-04-30,2024-08-02,Terminée,6
1509,Désespoir profiter ignorer autant,2023-05-28,2024-10-12,Annulée,3
1510,Tard retourner,2022-05-30,2022-07-13,Annulée,20
1511,Voyager rencontrer,2022-02-07,2022-03-28,Annulée,9
1512,Supérieur chaise cri recevoir cri,2022-02-02,2023-12-30,Terminée,1
1513,Lune ramasser,2020-09-22,2022-06-14,En cours,11
1514,Position lorsque inventer,2021-01-01,2023-01-27,Terminée,11
1515,Ouvert terre,2024-02-17,2024-10-05,Annulée,14
1516,Paix clef,2024-12-18,2025-01-30,En attente,2
1517,Facile garde perdre rouge militaire,2022-08-08,2023-04-21,En attente,7
1518,Embrasser rompre réunir,2023-01-27,2024-12-22,En attente,7
1519,Voler cour remarquer arrivée moindre,2020-07-27,2020-09-06,En attente,18
1520,Pas là armée,2020-11-22,2022-01-09,Terminée,16
1521,Temps étude couvrir idée,2024-03-29,2024-05-24,Terminée,4
1522,Poids quatre confier,2022-11-16,2023-09-16,En cours,12
1523,Secours fumer but fête,2022-10-23,2024-12-01,Terminée,11
1524,Devoir second peu,2021-05-23,2022-12-11,En cours,3
1525,Présenter se,2020-04-20,2020-07-08,Annulée,6
1526,Dire inventer,2023-05-05,2023-11-16,En cours,11
1527,Dehors surveiller intéresser jamais,2021-02-13,2023-04-28,En attente,16
1528,Soit sommet derrière preuve montrer,2023-09-29,2024-01-30,Terminée,11
1529,Soumettre autre,2022-01-22,2022-12-14,En cours,1
1530,Dont faim,2023-10-03,2024-04-30,Terminée,2
1531,Écraser calme fort,2022-07-22,2024-12-04,En attente,10
1532,Sang tout aucun cruel,2023-01-06,2023-03-15,En cours,1
1533,Tendre comme,2021-03-03,2024-11-08,En cours,9
1534,Gloire fine,2023-11-30,2024-12-22,En attente,9
1535,Nuit choix attacher,2022-12-24,2023-03-30,Annulée,8
1536,Exposer ville vide occasion,2023-05-20,2024-12-01,En attente,11
1537,Je certes,2020-12-17,2021-01-22,En cours,13
1538,Oser ville témoin,2022-04-20,2025-01-19,En cours,7
1539,Regarder haut dresser,2021-10-27,2023-05-19,En cours,2
1540,Apparaître herbe,2023-04-05,2023-05-27,En cours,11
1541,Agiter aventure accorder résoudre,2024-04-17,2024-11-11,Annulée,4
1542,Commencer reculer,2024-03-26,2024-07-24,Terminée,11
1543,Franchir pouvoir prison taire,2023-03-27,2024-04-25,En cours,13
1544,Surtout commencer,2023-01-15,2023-09-16,Annulée,1
1545,Poste autrement réfléchir,2020-01-04,2020-11-11,En attente,20
1546,Revenir machine ouvert,2024-10-25,2024-11-13,En cours,13
1547,Objet sorte,2022-10-20,2024-12-05,En cours,18
1548,Homme silencieux manier,2022-12-09,2024-02-01,Annulée,16
1549,Rond droite moi,2020-03-03,2020-12-13,Terminée,20
1550,Le pousser île chambre chez,2023-04-30,2023-08-20,En attente,10
1551,Offrir fenêtre,2021-08-13,2022-02-04,Terminée,16
1552,Tendre double absolument vêtement fête,2020-12-13,2020-12-23,En attente,5
1553,Dur lier sien obéir,2020-02-21,2023-03-16,Annulée,4
1554,Miser commencement craindre,2020-02-18,2020-10-17,Terminée,4
1555,Crier exiger,2024-09-03,2024-11-27,En attente,8
1556,Bureau élément couleur,2022-02-27,2023-06-28,En attente,13
1557,Jeter fruit soutenir poursuivre,2021-01-05,2021-07-13,Terminée,3
1558,Billet pénétrer lumière vie,2024-05-15,2024-09-30,En cours,18
1559,Île veiller,2024-10-23,2024-11-13,Annulée,14
1560,Six deviner droit malheur,2020-09-30,2025-01-11,Terminée,2
1561,Afin De sueur comme importance chasse,2021-06-08,2023-07-18,En cours,17
1562,Fil etc ventre rester,2021-06-28,2022-05-25,Annulée,13
1563,Ouvrage colon escalier homme,2021-07-06,2022-07-07,Annulée,14
1564,Où passé,2020-02-29,2024-04-22,En cours,13
1565,Rapporter étude,2024-01-24,2024-09-22,Annulée,12
1566,Un marcher,2020-05-01,2023-02-09,En attente,14
1567,Semblable route confiance,2024-09-15,2024-09-20,En attente,4
1568,Vie regard faire,2023-06-11,2024-08-20,Terminée,8
1569,Véritable cabinet fidèle franc,2024-06-07,2025-01-04,Annulée,16
1570,Disposer honneur malgré,2020-12-16,2024-06-20,En attente,2
1571,Y dessus rêve muet,2020-10-24,2021-08-23,En cours,13
1572,Peuple choix race pauvre oh,2024-02-14,2024-09-28,Terminée,10
1573,Sur blond conclure oreille,2023-01-18,2023-02-03,En cours,3
1574,Père chaque employer agiter réclamer,2022-04-01,2022-05-20,En attente,16
1575,Morceau entourer savoir,2020-03-05,2023-01-08,Annulée,18
1576,Sonner nu,2024-04-05,2024-06-21,En cours,12
1577,Charger couper,2023-02-12,2025-01-05,Terminée,19
1578,Apparaître grandir prévenir manier,2024-01-19,2024-01-25,En cours,6
1579,Propre me voiture,2022-07-07,2024-11-20,Annulée,14
1580,Sept sur,2022-02-20,2025-01-05,Terminée,7
1581,Long taille accorder distance conseil,2020-02-11,2022-10-28,Terminée,19
1582,Tu force,2022-01-19,2022-05-21,En attente,10
1583,D'Autres oreille,2021-01-09,2023-05-15,Terminée,6
1584,Ensuite hors vaincre,2022-12-06,2023-10-13,Annulée,4
1585,Taille jeune,2022-05-06,2022-12-16,En cours,12
1586,Défendre payer monsieur curiosité,2021-11-01,2022-10-10,Terminée,2
1587,Repas succès exister,2022-05-20,2024-09-05,Annulée,12
1588,Toit souffrance métier d'autres grave,2020-10-17,2023-11-27,Annulée,3
1589,Personnage trop pourtant clair,2020-04-27,2021-12-05,Annulée,16
1590,Nombreux former effort,2022-01-25,2022-07-06,Annulée,11
1591,Sang été fuir,2024-01-15,2024-07-26,Annulée,5
1592,Étendre donc maintenant savoir frapper,2021-07-11,2021-07-11,En cours,17
1593,Public expérience,2023-10-12,2024-04-08,Annulée,7
1594,Enfin lune dur,2020-11-28,2022-01-09,Annulée,13
1595,Choix dessus,2020-08-12,2022-07-29,En cours,9
1596,Arriver condamner histoire vingt,2023-12-15,2024-02-01,Terminée,6
1597,Admettre tout,2023-10-28,2023-11-14,En attente,9
1598,Peur ventre personnage,2021-12-03,2024-08-30,Terminée,2
1599,Occuper diriger vaste tromper habiter,2022-11-05,2023-04-10,En cours,15
1600,Savoir partout manger,2024-07-01,2024-09-18,Terminée,13
1601,Titre ici art,2023-06-25,2024-10-10,En cours,20
1602,Arrêter règle flot,2024-10-01,2025-01-15,En cours,10
1603,Fermer entre montrer,2024-04-12,2024-10-12,En cours,12
1604,Vieil heureux accent ami,2020-02-13,2024-07-10,Annulée,19
1605,Creuser endormir,2020-06-04,2022-02-16,En attente,9
1606,Troubler manger,2023-06-24,2023-08-13,En attente,11
1607,Mieux renverser succès,2023-10-31,2025-01-03,Annulée,10
1608,Étendre obtenir aucun curieux,2022-04-05,2023-05-02,En attente,10
1609,Savoir regard marcher,2020-03-09,2022-04-09,Terminée,8
1610,Commander assister second politique conscience,2022-11-29,2023-05-10,En attente,2
1611,Proposer vue,2024-09-04,2025-01-05,Annulée,3
1612,Défaut lit,2021-08-07,2022-03-14,Terminée,16
1613,Plaine l'un accrocher religion,2020-02-03,2022-12-15,Annulée,15
1614,Approcher colon,2020-08-14,2023-07-05,En cours,16
1615,Roi annoncer trente,2020-09-28,2022-03-15,Terminée,18
1616,Danger huit pourtant un moyen,2021-11-11,2023-05-13,En cours,9
1617,Pénétrer cependant dieu,2022-11-04,2023-01-16,Annulée,9
1618,Fortune bien autant,2024-06-26,2025-01-30,Terminée,7
1619,Monde manquer,2020-09-24,2022-03-28,En attente,3
1620,Inquiéter papier nom parti,2022-07-04,2022-08-06,En cours,15
1621,Violence forêt bien que recherche,2022-09-19,2023-08-06,En attente,20
1622,Avouer beaucoup charger banc doigt,2022-06-04,2025-01-07,En cours,7
1623,Dernier dame soldat,2020-04-22,2022-10-07,Terminée,7
1624,Pareil chanter droite gens,2023-11-22,2024-10-07,Annulée,2
1625,Fond fier tard terrain regarder,2022-12-09,2025-01-25,En attente,1
1626,Le français nouveau fonction,2021-08-29,2024-11-26,En attente,17
1627,Sourd colère,2022-02-10,2023-06-13,Annulée,20
1628,Palais jour exiger visible,2023-06-14,2024-11-23,Terminée,17
1629,Table jeter voir côté importer,2023-01-11,2023-01-18,En cours,4
1630,Fer rapport appel travail tellement,2023-12-23,2024-05-19,En cours,11
1631,Pourquoi réveiller pitié quand,2020-01-06,2021-04-27,Annulée,16
1632,Bout banc choisir objet avenir,2023-11-18,2024-10-27,Terminée,12
1633,Police tenir vrai rendre,2020-06-06,2024-01-24,Annulée,19
1634,Fixer nuage,2024-08-06,2024-09-28,Terminée,11
1635,Nombreux quinze rapide rapport,2023-02-08,2024-05-27,En attente,11
1636,Naturel douceur accompagner crise cour,2021-01-01,2022-01-25,Annulée,13
1637,Élever succès partir médecin,2023-04-05,2023-12-03,En attente,7
1638,Rendre depuis l'un exprimer,2024-11-29,2024-12-10,En cours,5
1639,Sortir prison hésiter,2022-06-04,2023-12-22,Annulée,4
1640,Saint dormir casser vide homme,2024-01-09,2024-07-07,En attente,20
1641,Conversation pierre mal rejoindre,2021-01-29,2022-08-15,En cours,9
1642,Chaud ou coup,2022-01-16,2022-01-27,En cours,14
1643,Atteindre seulement fonder grain,2021-12-13,2024-07-29,En cours,18
1644,Retenir autorité animer,2024-10-11,2025-01-01,En attente,11
1645,Guerre acte mieux grâce mince,2021-10-21,2022-08-28,En attente,11
1646,Ignorer clair rouge naturellement françois,2020-08-07,2024-10-19,En cours,10
1647,Agent adresser gouvernement condition beaux,2020-06-28,2021-08-18,Terminée,7
1648,Atteindre tellement livrer coin objet,2022-08-11,2022-08-21,En attente,9
1649,Grandir masse admettre,2023-07-16,2023-10-28,Annulée,1
1650,Accomplir mois chaise ouvrage examiner,2023-10-04,2024-12-01,Annulée,15
1651,Et flamme puisque,2021-11-21,2022-06-09,En cours,5
1652,Découvrir sommet si vague,2024-09-05,2024-12-01,Annulée,3
1653,Choix médecin étonner tempête semblable,2024-01-27,2024-10-02,En cours,9
1654,Campagne détail arriver état,2020-04-24,2023-11-03,En attente,8
1655,Tête lumière ni,2020-08-19,2022-07-19,En cours,13
1656,Avis décider,2024-09-06,2024-11-04,Annulée,8
1657,Simple poids,2024-01-09,2024-03-12,Terminée,18
1658,Traiter ville ferme,2021-07-19,2025-01-13,Terminée,8
1659,Subir me,2024-09-28,2025-01-19,Annulée,2
1660,Heure conclure,2020-05-15,2021-07-29,En cours,2
1661,Siècle direction souffrir,2020-07-03,2021-08-30,En cours,8
1662,Neuf entourer,2020-02-15,2024-01-30,En cours,13
1663,Ou troisième,2021-04-29,2022-02-13,En cours,13
1664,Jeter supérieur naître fuir sauver,2023-01-13,2023-12-12,Terminée,14
1665,Exécuter secret acte,2021-03-18,2024-05-26,En attente,15
1666,Sentir oreille fou,2023-07-02,2023-11-24,Annulée,15
1667,Pas calmer,2023-08-01,2024-12-15,Annulée,2
1668,Marier essuyer,2024-06-08,2024-11-13,Annulée,9
1669,Étroit fer,2022-09-03,2024-12-04,En attente,8
1670,Avis rapport mensonge,2021-01-25,2023-03-16,En attente,5
1671,Devenir tandis que dangereux aspect,2024-11-24,2024-12-02,Annulée,3
1672,Mince abandonner queue,2020-08-14,2021-02-17,Terminée,13
1673,Type comment magnifique certain considérer,2024-08-07,2025-01-01,En cours,19
1674,Pièce ouvrir,2023-06-24,2023-09-15,Annulée,12
1675,Abri santé corde argent venir,2021-12-06,2024-03-26,Terminée,17
1676,Pleurer connaissance escalier,2021-11-24,2024-11-28,Terminée,9
1677,Inquiéter finir,2020-02-20,2024-11-30,Terminée,4
1678,Écarter on vêtement,2022-11-25,2024-04-29,En attente,2
1679,Emporter accrocher,2022-10-28,2023-12-22,En attente,5
1680,Objet puis point demain,2022-06-05,2022-08-03,Terminée,14
1681,Fait marcher suivant,2022-01-27,2023-11-10,Terminée,11
1682,Étoile somme mémoire écraser,2022-05-07,2022-09-10,Terminée,5
1683,Suffire sorte quelque horizon nouveau,2022-05-23,2024-04-29,En cours,2
1684,Art exemple approcher vouloir,2024-09-11,2024-11-23,En cours,13
1685,Profiter source,2020-04-18,2024-02-25,En cours,19
1686,Résister composer ramasser,2023-10-07,2024-12-31,En attente,3
1687,Écraser lendemain roi danger,2022-04-25,2023-08-17,En cours,17
1688,Affirmer vision,2023-02-14,2024-09-25,Terminée,6
1689,Vraiment hauteur ça,2021-06-03,2022-05-10,Terminée,18
1690,Naturellement plus marcher,2023-02-01,2024-06-13,Terminée,20
1691,Calme presser,2022-12-08,2024-02-21,En attente,14
1692,Aucun douleur éclater certainement discours,2022-01-28,2022-07-17,Terminée,17
1693,Espace nourrir trace effet fixer,2023-09-10,2024-11-23,Terminée,14
1694,Sorte sans,2020-06-29,2023-10-21,Terminée,1
1695,Type pendant enfermer,2022-10-15,2023-10-16,Annulée,1
1696,Distance article celui,2023-11-18,2024-10-18,Annulée,2
1697,Différent rayon leur observer,2021-12-14,2024-05-08,Annulée,5
1698,Tirer impossible face clair grandir,2023-11-16,2024-11-16,Terminée,8
1699,Feu porter éclairer,2022-12-28,2023-07-18,En attente,5
1700,Lieu marier an courage voisin,2024-12-12,2025-01-18,Terminée,6
1701,Dessiner toit long élever quelque,2022-08-05,2023-11-07,Terminée,19
1702,Peine pont danser,2022-07-30,2023-06-14,Annulée,8
1703,Dur bonheur élément verser,2023-11-30,2024-09-10,En cours,3
1704,Maintenant bureau,2024-02-27,2024-05-11,En attente,11
1705,Pousser présenter importance,2021-11-30,2024-10-04,En attente,18
1706,Poursuivre nature,2022-04-25,2022-08-19,En attente,4
1707,Interroger réveiller,2023-07-08,2023-10-17,Terminée,16
1708,Loin humide,2020-12-21,2023-12-25,En attente,5
1709,Croiser ministre passer particulier songer,2022-03-16,2022-12-27,En cours,19
1710,Terrible conclure réduire couleur,2020-07-22,2022-02-08,En cours,14
1711,Habitant front casser tranquille art,2023-11-02,2023-11-06,Annulée,1
1712,Bleu unique humain robe sembler,2024-12-06,2025-01-30,En cours,13
1713,Très agir,2021-03-06,2022-01-03,Annulée,4
1714,Autre imaginer mauvais,2020-02-21,2024-04-27,En attente,3
1715,Attacher même fuir,2021-10-08,2022-03-21,Annulée,6
1716,Vision réalité,2021-01-23,2024-10-23,En cours,3
1717,Charge souvenir parfois,2023-10-20,2024-03-26,En cours,11
1718,Intérieur loup capable père,2022-12-29,2024-12-07,Terminée,10
1719,Bruit crainte choisir,2021-09-11,2024-12-03,Annulée,3
1720,Qui causer claire rencontre vin,2020-08-12,2023-06-24,Terminée,15
1721,Installer saison glace très,2022-02-19,2023-08-27,En cours,19
1722,Supporter partir principe,2022-09-23,2024-02-03,En cours,14
1723,Second parti an auteur,2024-07-05,2024-10-30,En attente,20
1724,Réponse prêter fer grave maladie,2022-01-26,2024-10-18,En attente,3
1725,Rêve glace,2021-08-22,2021-08-27,En attente,9
1726,Vague point,2021-05-06,2023-01-13,En attente,1
1727,Digne nature naissance idée,2023-06-16,2023-09-22,Annulée,7
1728,Sept chambre promener vivant personnage,2022-08-11,2023-01-14,Terminée,3
1729,Asseoir dégager réserver,2024-07-31,2024-08-18,En cours,2
1730,Tandis Que beau chambre distance,2024-05-04,2024-08-29,En cours,5
1731,Silencieux moyen rouler mille,2024-09-06,2024-10-29,Annulée,17
1732,Corde prier ah,2022-08-28,2025-01-18,Annulée,3
1733,Supporter soulever,2021-06-24,2025-01-16,Annulée,10
1734,Supérieur mêler,2020-12-16,2024-06-07,Annulée,14
1735,Inventer seconde retourner,2020-12-05,2022-04-14,En cours,6
1736,Etc comment dernier également choisir,2022-05-02,2024-10-15,En attente,4
1737,Direction certain vieux,2022-06-26,2022-06-27,En attente,19
1738,État détail gauche bruit distinguer,2021-09-01,2023-11-27,Terminée,3
1739,Résultat gris comme pauvre terreur,2023-07-16,2023-10-18,Annulée,11
1740,Conscience tandis que aventure,2022-12-12,2023-04-11,En cours,8
1741,Campagne retomber aller d'autres suffire,2023-10-26,2024-11-29,En attente,20
1742,Si passé tâche,2023-05-24,2023-12-04,En attente,10
1743,Peu brûler roi,2024-04-25,2024-05-20,Annulée,7
1744,Prononcer environ davantage courant fête,2021-06-26,2024-08-01,Terminée,15
1745,Essayer paix nom,2021-11-10,2024-12-30,En attente,10
1746,Vite chose décrire vrai,2021-08-13,2022-11-13,Terminée,14
1747,Battre poche prière port très,2023-07-15,2023-11-02,En cours,8
1748,Sommet fermer tête vision battre,2020-04-26,2024-03-08,En attente,2
1749,Aventure cercle,2024-08-04,2024-09-13,En cours,15
1750,Pleurer tandis que grain président endormir,2022-02-21,2025-01-18,Annulée,19
1751,Âgé peser folie,2022-05-27,2023-10-17,En cours,13
1752,Jamais main du trouver,2022-01-14,2024-07-19,En cours,20
1753,Étranger cheval oeil printemps,2021-05-18,2023-05-10,En cours,2
1754,Répéter papa parvenir autrefois,2023-02-09,2024-03-10,Terminée,8
1755,Folie société étaler couleur,2021-01-29,2022-04-01,En attente,12
1756,Agent porte premier,2023-02-26,2023-08-15,Terminée,15
1757,Passer rôle reposer,2024-04-10,2024-11-27,En cours,12
1758,Repas emporter,2024-08-27,2024-10-12,Terminée,4
1759,Auprès chose lien couvrir,2024-10-23,2025-01-22,En cours,12
1760,Apprendre cesse trace aller,2023-07-27,2023-09-19,Terminée,16
1761,Consulter garde,2023-12-08,2023-12-31,Terminée,19
1762,Exposer désigner aider garder métier,2020-05-31,2024-03-24,En cours,7
1763,Ton immense six chant,2022-10-13,2024-06-25,Annulée,14
1764,Travers résister vaincre rose,2022-12-10,2024-09-01,En attente,15
1765,Repousser lendemain voisin terminer,2023-11-29,2024-04-09,En cours,6
1766,Chasse bien attacher supporter,2021-04-30,2021-10-10,En cours,11
1767,Dresser quarante complètement d'abord,2022-12-08,2023-01-02,Annulée,4
1768,Chaleur joue trop appeler,2021-12-25,2022-03-11,En cours,19
1769,Colère enfance mal dimanche,2021-11-27,2022-04-26,Terminée,10
1770,Environ moi simplement mêler,2023-07-23,2024-07-10,Annulée,13
1771,Lourd battre protéger permettre,2021-11-07,2023-05-27,En attente,11
1772,Dormir préparer,2020-06-18,2023-08-13,En cours,8
1773,Santé pénétrer vêtir ensemble avec,2024-11-24,2024-11-27,En attente,6
1774,Soin poste apparaître,2024-01-27,2024-11-17,Terminée,10
1775,Épaule moi chose,2024-10-11,2024-11-26,Terminée,1
1776,Apporter semblable mien officier,2023-04-25,2024-12-31,Annulée,14
1777,Fusil gloire paquet morceau,2023-11-30,2024-12-20,Annulée,20
1778,Véritable crise consulter,2023-07-11,2024-06-15,En attente,16
1779,Sortir adresser connaissance animal,2020-06-10,2024-05-12,En attente,1
1780,Gens signe presser,2024-04-05,2024-05-07,En attente,11
1781,Honte remercier soin espèce,2021-06-11,2024-07-02,Terminée,17
1782,As installer bande ressembler chaîne,2021-09-28,2025-01-03,En attente,19
1783,Cesse coup naître perdu,2021-11-14,2022-05-05,En attente,20
1784,Fatigue doucement,2023-04-27,2023-10-26,En cours,19
1785,Fil mort pénétrer,2020-01-13,2020-05-30,En attente,9
1786,Justice permettre alors froid,2021-01-01,2023-05-14,Annulée,10
1787,Gris sur moitié déclarer,2022-03-17,2024-12-30,En attente,3
1788,Cuisine relation posséder espace,2023-02-04,2023-12-12,En cours,2
1789,Journal retenir,2022-02-05,2024-12-07,Annulée,18
1790,Appartenir haut mille soin loi,2024-07-21,2024-10-27,En cours,3
1791,Besoin mort dépasser raison,2021-12-20,2023-02-11,Terminée,20
1792,Mourir recevoir de,2022-03-12,2023-05-02,Terminée,6
1793,Cesser fois réponse pourquoi,2022-07-17,2022-11-09,En cours,17
1794,Terre silencieux observer,2024-04-03,2024-05-10,En attente,5
1795,Lien début falloir,2021-03-04,2021-11-14,En attente,12
1796,Brusquement fauteuil portier,2020-06-20,2020-12-26,Terminée,2
1797,Été admettre rompre doute seul,2023-08-02,2023-09-18,Annulée,8
1798,Salle police avancer chaleur,2024-06-15,2024-11-17,Terminée,2
1799,Instant recommencer,2023-02-13,2024-01-27,En cours,9
1800,Soirée direction présence,2023-06-05,2024-01-04,En cours,12
1801,Arriver pain fidèle salut fils,2021-01-07,2021-04-27,En attente,18
1802,Reposer abandonner,2022-07-09,2024-12-16,En attente,12
1803,Planche accorder caresser,2022-08-11,2023-08-20,En attente,7
1804,Loin demeurer,2020-03-21,2024-04-17,Terminée,5
1805,Considérer briller oh pendre recommencer,2023-03-29,2024-01-13,Annulée,10
1806,Docteur énorme séparer vite rose,2023-03-31,2024-07-26,En attente,9
1807,Bon tout demain,2021-11-20,2022-06-09,En cours,10
1808,Lire bande aussitôt,2024-12-08,2025-01-02,En cours,10
1809,Retour tendre taille fortune,2020-08-20,2022-08-13,Terminée,15
1810,Passé on victime,2021-08-10,2023-02-12,En cours,10
1811,Debout chant aide nourrir,2024-11-27,2025-01-01,Terminée,7
1812,Neuf toile fort,2021-03-30,2021-05-29,En cours,7
1813,Printemps sien sous gagner,2020-10-16,2024-06-12,En cours,4
1814,Parce Que sec ça,2024-02-22,2024-04-07,Annulée,20
1815,Jeunesse part rire,2021-04-22,2023-12-13,Annulée,12
1816,Bas rose,2022-11-30,2023-08-09,Annulée,20
1817,Ce un porter,2023-05-03,2024-11-07,En cours,16
1818,Être fixe recherche,2024-08-16,2024-10-17,Terminée,9
1819,Avance vrai avant société,2021-06-28,2024-05-18,Terminée,14
1820,Prison présent obtenir fumer loup,2021-02-20,2023-11-05,Annulée,18
1821,Embrasser oiseau,2023-01-18,2023-10-31,Terminée,1
1822,Clef accent temps discours gris,2024-05-31,2024-12-19,En cours,18
1823,Aussitôt maintenir exemple joie,2021-08-06,2022-03-24,Annulée,7
1824,Recommencer partout,2023-05-15,2024-01-02,Annulée,4
1825,Grâce somme sourire connaître,2024-07-16,2024-09-02,Annulée,2
1826,Aussitôt vide phrase oreille venir,2024-10-28,2024-12-01,En cours,3
1827,Odeur secours,2024-09-14,2024-10-06,Annulée,1
1828,Notre pour patron forme,2023-10-10,2025-01-02,En cours,16
1829,Pourquoi courage retirer tranquille,2023-06-30,2023-08-11,Terminée,7
1830,Chat avant loin accomplir,2021-01-25,2021-06-05,En attente,5
1831,Forêt son rêver signer,2024-08-09,2024-08-29,En cours,17
1832,Considérer poste découvrir petit,2022-06-14,2024-10-22,Annulée,13
1833,Fonder nom,2023-01-01,2024-07-19,Annulée,2
1834,Toujours accompagner geste,2020-11-10,2024-04-22,Terminée,12
1835,Bien sorte fer ancien lieu,2024-03-02,2024-03-23,Annulée,7
1836,Revoir rire rendre davantage,2021-02-01,2022-10-20,En attente,19
1837,Couper poussière casser garder ni,2020-12-18,2023-04-04,En attente,8
1838,Reculer même consentir,2020-07-15,2024-12-05,En cours,16
1839,Espèce fort mensonge gauche attacher,2022-06-26,2022-12-12,Annulée,11
1840,Dominer franchir au accrocher,2024-09-24,2024-11-25,Terminée,7
1841,Admettre siège prêter,2021-12-23,2022-03-10,En attente,6
1842,Depuis défendre classe,2023-01-21,2023-04-18,Annulée,19
1843,Aller vous,2020-02-07,2020-03-27,En cours,1
1844,Long sable,2022-06-10,2022-07-04,En attente,7
1845,Vieux officier hauteur pas,2021-11-10,2022-09-04,En attente,8
1846,Coeur joie,2022-05-10,2023-02-14,Annulée,9
1847,Service risquer trace,2023-07-16,2023-11-28,En attente,17
1848,Assez calme certainement,2024-04-26,2024-07-20,Annulée,19
1849,Masse souffrir règle intention réussir,2021-06-15,2023-12-24,En attente,15
1850,Pauvre cause devoir éteindre objet,2024-05-22,2024-06-12,En attente,14
1851,Delà partir heure abri,2022-02-14,2024-03-27,Terminée,6
1852,Déposer fier lever doute,2023-06-15,2024-01-21,En cours,9
1853,Habitant confier éprouver,2022-07-30,2023-08-04,Terminée,14
1854,Disposer gloire enfant,2021-12-14,2022-06-28,Annulée,7
1855,Reconnaître horizon pointe,2021-05-28,2022-01-17,En cours,10
1856,Président longtemps mériter entrer,2024-01-23,2024-07-21,Terminée,19
1857,Fatigue haut,2023-03-11,2024-03-26,Terminée,2
1858,Du barbe franchir particulier,2023-05-09,2024-03-05,Terminée,5
1859,Révéler si,2021-03-25,2022-10-22,En attente,14
1860,Anglais vieil rentrer autour,2023-06-16,2024-11-09,En cours,2
1861,Personne premier animer,2020-10-28,2022-07-04,En cours,17
1862,Alors sourire payer saisir,2024-09-22,2025-01-14,En attente,8
1863,Rire sec rester,2021-10-03,2023-01-27,En attente,3
1864,Minute seulement intérieur nous,2021-09-02,2024-08-20,Terminée,16
1865,Tout découvrir,2023-03-31,2024-07-30,Annulée,16
1866,Machine gros image manger,2023-05-17,2024-02-11,En attente,6
1867,Comment leur alors vivant point,2022-11-01,2024-06-18,En attente,16
1868,Désormais décider hauteur discours,2021-02-05,2022-11-18,Annulée,12
1869,Rêve fixer douleur possible,2023-11-21,2024-05-14,Terminée,13
1870,Détruire départ,2024-07-10,2024-08-03,Annulée,15
1871,Même prêter remplacer,2020-03-09,2022-09-21,En cours,8
1872,Renverser résoudre,2023-01-02,2025-01-18,En attente,15
1873,Goutte désespoir,2024-10-05,2024-11-16,En attente,18
1874,Trembler folie ce vide prendre,2023-11-27,2024-09-04,Annulée,11
1875,Guerre refuser âme,2020-07-21,2022-06-26,En cours,1
1876,Chasse sien paysan,2021-05-13,2024-02-01,En cours,18
1877,Mur interroger drôle volonté,2020-10-27,2024-12-11,En attente,12
1878,Réveiller simplement puis,2021-12-25,2023-03-11,En cours,13
1879,Frais genou sou,2024-05-19,2025-01-17,Annulée,13
1880,Puissance étage,2020-08-10,2024-02-25,Annulée,8
1881,Éternel assez rapporter intelligence songer,2023-02-15,2024-07-06,Terminée,12
1882,Pied argent mensonge plaisir ainsi,2023-03-14,2023-10-26,En attente,8
1883,Manier côte eaux,2021-11-11,2023-06-09,Terminée,9
1884,Connaître trou,2020-07-06,2023-11-12,Terminée,19
1885,Toucher but haut trente folie,2022-02-24,2023-10-29,Terminée,8
1886,Déclarer midi pourquoi d'autres,2024-07-11,2024-07-26,Annulée,18
1887,Étude beaux devoir note,2024-11-12,2025-01-14,En cours,19
1888,Sol rayon accompagner homme,2020-09-26,2023-05-08,Annulée,4
1889,Ton inconnu français,2023-04-29,2024-06-08,En attente,3
1890,Appartement rare perdre coup entrer,2021-01-04,2023-05-27,En cours,20
1891,Supérieur aller vivre,2020-06-25,2023-07-07,Annulée,17
1892,Vide briser préparer,2020-09-07,2023-01-16,En cours,7
1893,Habitude silence fond,2020-09-13,2024-12-29,Terminée,16
1894,Souffler troubler certain,2021-12-13,2022-03-19,En attente,10
1895,Couler relever,2021-08-28,2025-01-05,Terminée,12
1896,Autorité docteur deux bruit,2024-10-17,2024-10-18,Annulée,1
1897,Cruel étrange appel,2021-08-08,2024-07-08,En attente,10
1898,Barbe vieil pas,2024-05-20,2024-06-19,En attente,11
1899,Contraire mêler dès cruel,2020-05-30,2022-12-12,En cours,1
1900,Entrée de soit,2023-05-16,2024-02-10,En cours,10
1901,Chambre nord,2022-04-12,2022-12-22,Annulée,6
1902,Gens combat promettre poste,2021-12-18,2024-12-13,Annulée,12
1903,Pendre désirer environ sol courant,2022-12-30,2023-02-21,En attente,8
1904,Silencieux chasser quant à réussir,2022-10-13,2023-09-11,En attente,15
1905,Retourner monde projet,2021-05-27,2023-05-21,En attente,2
1906,Grâce rapport rue erreur,2021-09-10,2023-10-15,Annulée,9
1907,Amener étouffer,2022-03-29,2023-12-10,En attente,19
1908,Peine vue poésie appel prier,2024-05-19,2024-11-27,Terminée,16
1909,Clair répandre cri fleur confiance,2021-01-07,2023-03-31,Terminée,17
1910,Système regard,2024-10-10,2024-10-27,Annulée,4
1911,Également depuis sentiment front,2020-03-10,2024-11-18,Annulée,3
1912,Tromper chez quarante,2021-05-21,2021-09-04,En attente,17
1913,Étage autant colon consulter troisième,2023-09-12,2023-10-06,En attente,17
1914,Valoir couleur,2024-12-20,2025-01-09,En cours,9
1915,Entre type inutile chair,2020-06-11,2022-07-09,En cours,3
1916,Garde étrange,2021-11-07,2023-02-02,En attente,12
1917,Patron beau cabinet,2024-04-29,2024-12-31,En cours,7
1918,Veiller maladie,2022-08-11,2024-10-11,En cours,17
1919,Bataille remettre prison,2023-07-28,2024-04-24,Terminée,3
1920,Plutôt précieux ferme nourrir,2024-05-30,2025-01-16,En attente,20
1921,Jeune lorsque poche connaissance,2021-07-11,2023-07-27,Annulée,9
1922,Verre vite ville,2022-05-21,2024-01-17,En attente,11
1923,Race ciel,2022-10-21,2024-07-25,En attente,19
1924,Doigt groupe gens,2024-12-20,2025-01-16,Terminée,4
1925,Accord religion coeur pendant,2021-02-20,2022-09-11,En attente,15
1926,Fond bras glisser,2022-03-12,2023-06-16,Annulée,14
1927,Enfoncer dangereux grandir type,2022-07-06,2023-04-05,En cours,18
1928,Écrire chaque verser trou rêver,2023-12-27,2025-01-19,En cours,5
1929,Appel puis conseil voix,2023-07-14,2024-03-14,En attente,6
1930,Rendre disparaître rejeter,2023-01-26,2024-05-02,Annulée,11
1931,Finir dernier haute remplir,2023-11-13,2024-12-16,Terminée,4
1932,Propos moindre assez soit,2022-11-10,2024-10-11,En cours,20
1933,Arrivée vision et vrai,2020-05-22,2024-04-16,En cours,6
1934,Aussitôt abandonner centre révolution,2022-03-20,2024-04-11,Terminée,14
1935,Taire signe,2020-07-07,2023-10-11,En attente,14
1936,Courage conversation changement fuir,2020-01-17,2021-12-16,En cours,13
1937,Bon passé désirer,2023-07-24,2023-09-01,Terminée,11
1938,Soleil éteindre robe,2021-04-22,2021-05-04,En cours,6
1939,Détruire note,2022-08-20,2023-03-24,Terminée,5
1940,Désir accorder connaissance rien,2024-12-01,2024-12-25,Annulée,16
1941,Soir dehors ensuite parler seulement,2024-05-05,2024-06-23,Annulée,15
1942,Bête rideau,2024-12-07,2025-01-13,Annulée,3
1943,Éteindre juger jour,2021-10-12,2024-04-04,En cours,7
1944,Quelque nom,2024-04-09,2024-11-19,En attente,14
1945,Noir liberté geste d'abord composer,2023-01-13,2024-03-31,En attente,7
1946,Désespoir terrain lune,2024-05-20,2025-01-11,Terminée,11
1947,Passé etc sauvage,2020-05-10,2022-10-29,Terminée,8
1948,Poche parfaitement dix gauche,2024-10-07,2024-10-14,Terminée,15
1949,Briser courant tôt,2022-08-06,2024-02-28,En cours,5
1950,Approcher cour pousser marché celui,2022-02-20,2022-09-17,Annulée,13
1951,Paquet violent dernier,2020-05-29,2024-06-01,En cours,1
1952,Briser brûler but accent,2023-08-06,2024-06-14,En cours,3
1953,Principe si nerveux veiller,2023-09-18,2023-11-26,En attente,5
1954,Magnifique arriver,2022-02-20,2022-11-12,Terminée,19
1955,Ouvrage préférer voilà,2023-09-04,2023-10-29,En attente,12
1956,Terrain soudain aller mener,2023-04-11,2024-12-10,Annulée,4
1957,Marche chant parole,2024-10-06,2024-10-10,En attente,18
1958,Or rentrer,2024-02-26,2025-01-03,Terminée,4
1959,Celui passé cinq changement transformer,2023-10-19,2024-08-12,Terminée,4
1960,Chair se banc prix,2024-05-09,2024-10-15,En cours,20
1961,Crier reconnaître attacher,2021-08-08,2022-10-19,En attente,19
1962,Par relever,2021-10-09,2023-01-24,Annulée,9
1963,Portier expérience comme écraser travail,2021-11-13,2022-10-20,Annulée,16
1964,Apprendre sentir ministre,2023-12-24,2024-07-08,En cours,19
1965,Respecter voix,2023-04-03,2023-12-20,En attente,13
1966,Dieu coup machine assister,2020-12-15,2022-01-26,En attente,11
1967,Propos essayer couche créer six,2021-06-19,2024-06-07,En cours,3
1968,Clef agiter toute espèce prix,2021-09-09,2023-04-19,En attente,18
1969,Autre jouer défaut,2023-01-26,2024-04-14,En attente,20
1970,Je besoin vingt soulever déposer,2020-12-16,2023-01-12,En cours,7
1971,Or etc dessiner douze,2022-06-09,2023-01-26,En attente,9
1972,Entraîner lisser avancer,2023-02-17,2023-05-19,Annulée,10
1973,Commander douleur abattre envoyer pitié,2020-01-15,2021-11-09,Annulée,20
1974,Prendre oser traiter pont,2022-01-28,2023-09-10,En cours,11
1975,Enfoncer digne remplacer,2020-12-16,2023-10-17,En cours,16
1976,Noir anglais herbe accepter,2020-06-14,2024-10-15,Terminée,3
1977,Chaise précis serrer monter,2021-05-26,2022-11-09,En cours,7
1978,Témoin parole type,2020-02-15,2024-05-15,Annulée,1
1979,Mauvais fenêtre présent éloigner,2020-04-07,2022-10-26,Terminée,11
1980,Port journée vingt peur,2024-04-26,2024-08-11,En attente,2
1981,Volonté sérieux présent passer,2021-10-30,2023-07-30,Terminée,4
1982,Nuage mur plein répéter chiffre,2024-04-24,2024-05-08,En cours,18
1983,Loi installer appuyer apparaître seul,2022-07-11,2024-10-13,En cours,9
1984,Charge très tromper premier,2024-10-27,2025-01-28,En attente,3
1985,Rencontre afin de,2020-08-14,2021-07-08,Terminée,9
1986,Commencement crier,2023-11-21,2024-11-29,En cours,15
1987,Oser particulier,2022-11-27,2024-09-18,Annulée,14
1988,Trace école ramasser découvrir commencer,2022-10-07,2024-08-28,Terminée,5
1989,Achever adresser,2023-04-16,2023-06-12,En cours,14
1990,Rue crise sang,2020-10-30,2021-08-06,Annulée,3
1991,Habitant signifier planche dont,2022-07-30,2025-01-11,En attente,7
1992,Sous doucement ouvrage monsieur,2024-01-13,2024-06-07,Annulée,10
1993,Puissance larme interroger or,2024-09-19,2024-09-24,Annulée,14
1994,Bas reprendre,2024-02-27,2024-12-22,En attente,19
1995,Leur prêt fatiguer blond,2020-11-15,2022-07-15,Annulée,4
1996,Travers élément arriver rassurer,2023-08-10,2023-09-06,Terminée,19
1997,Étroit train,2022-04-11,2024-09-10,Terminée,1
1998,Aussi réflexion curieux art,2021-08-14,2022-09-01,Annulée,9
1999,Forme sonner,2021-03-08,2023-12-19,En attente,19
2000,Douter passage,2024-06-02,2024-11-19,En cours,5
